id,first_name,last_name,email,gender,location,latitude,longitude
1,Gale,Richardon,grichardon0@slate.com,Male,Germany,53.5662722,9.9471012
2,Mitchael,Dummigan,mdummigan1@walmart.com,Male,Germany,53.5835808,10.020578
3,Sauncho,Iskowicz,siskowicz2@qq.com,Male,Germany,51.1615558,6.774529
4,Lindsy,Clinton,lclinton3@ed.gov,Female,Germany,51.4918437,7.5319762
5,Lothario,Drinkwater,ldrinkwater4@google.cn,Male,Germany,52.5496772,13.3643415
6,Frazer,Gladbach,fgladbach5@pagesperso-orange.fr,Male,Germany,50.0897141,8.271907
7,Lazarus,Romans,lromans6@amazon.co.uk,Male,Germany,52.1557661,11.5721966
8,Andy,Kelberer,akelberer7@bluehost.com,Male,Germany,49.1376432,9.1776059
9,Barb,Shernock,bshernock8@hhs.gov,Female,Germany,51.2928924,12.4645518
10,Martyn,Lotte,mlotte9@joomla.org,Male,Germany,53.6447228,10.0383761
11,Martica,Pymar,mpymara@blogger.com,Female,Germany,52.2346447,10.5665003
12,Ellis,Sloy,esloyb@trellian.com,Male,Germany,52.4867189,13.4343715
13,Fitzgerald,Anscott,fanscottc@skyrock.com,Genderqueer,Germany,52.5170826,13.3236611
14,Mart,Rosthorn,mrosthornd@mozilla.org,Male,Germany,51.0144934,13.6972162
15,Rutter,Dibben,rdibbene@gravatar.com,Male,Germany,53.5900195,9.9897946
16,Lucky,Ovise,lovisef@timesonline.co.uk,Female,Germany,52.2802311,10.5390217
17,Consolata,Bidmead,cbidmeadg@nydailynews.com,Female,Germany,53.5511779,9.9641759
18,Roderigo,Lanfare,rlanfareh@usda.gov,Male,Germany,51.2149435,6.7825598
19,Milton,Flamank,mflamanki@aol.com,Male,Germany,52.3863062,9.7156831
20,Ranna,Purdie,rpurdiej@upenn.edu,Female,Germany,49.4603474,8.402137
21,Ray,Darridon,rdarridonk@loc.gov,Male,Germany,52.5890862,13.3032995
22,Amory,Bawcock,abawcockl@macromedia.com,Male,Germany,53.5662722,9.9471012
23,Berkie,Khalid,bkhalidm@issuu.com,Non-binary,Germany,51.4787653,12.0365785
24,Astra,Tailby,atailbyn@youtu.be,Female,Germany,48.3920947,10.8553557
25,Alyssa,Instrell,ainstrello@cam.ac.uk,Female,Germany,52.3824851,13.3993839
26,Tiler,Eversley,teversleyp@acquirethisname.com,Male,Germany,48.1288628,11.5089621
27,Vince,Webling,vweblingq@so-net.ne.jp,Male,Germany,50.9648271,6.9538234
28,Kerri,Rubinsaft,krubinsaftr@networkadvertising.org,Female,Germany,52.5496772,13.3643415
29,Blancha,Soppit,bsoppits@hostgator.com,Female,Germany,51.349366,9.7730968
30,Elbertine,Cristofari,ecristofarit@liveinternet.ru,Female,Germany,50.9977219,11.0137723
31,Herschel,Dakers,hdakersu@miitbeian.gov.cn,Male,Germany,51.1730117,7.2822788
32,Egbert,Lecky,eleckyv@liveinternet.ru,Male,Germany,52.5433958,13.4413606
33,Keely,Chatenet,kchatenetw@geocities.com,Genderfluid,Germany,51.3305246,6.7625867
34,Edy,Saintsbury,esaintsburyx@slashdot.org,Female,Germany,51.2034374,7.1301012
35,Dell,Flaunders,dflaundersy@latimes.com,Male,Germany,51.7941895,14.3056705
36,Ikey,Grayer,igrayerz@weebly.com,Male,Germany,52.5693104,13.3714743
37,Barbee,Bestwick,bbestwick10@dagondesign.com,Female,Germany,48.8096645,9.2415192
38,Lise,Large,llarge11@wikispaces.com,Female,Germany,50.9977219,11.0137723
39,Albrecht,Hartup,ahartup12@feedburner.com,Male,Germany,50.1157078,8.6591469
40,Karina,Yeardsley,kyeardsley13@gmpg.org,Female,Germany,50.7218455,8.3073813
41,Erny,Doman,edoman14@lycos.com,Male,Germany,50.041381,8.5800547
42,Ernest,McGlew,emcglew15@pen.io,Male,Germany,51.4923815,6.9694303
43,Sanderson,Letts,sletts16@amazonaws.com,Polygender,Germany,51.4964248,7.1215271
44,Aubine,Jeves,ajeves17@dion.ne.jp,Female,Germany,54.3171885,10.0477345
45,Colman,Sweeten,csweeten18@huffingtonpost.com,Male,Germany,50.8290179,12.872972
46,Rollin,Beckson,rbeckson19@facebook.com,Polygender,Germany,53.6125259,9.9659855
47,Roselle,Maasze,rmaasze1a@virginia.edu,Female,Germany,52.4856992,13.3488258
48,Cully,Pic,cpic1b@who.int,Male,Germany,51.0845418,13.6458926
49,Gleda,Plitz,gplitz1c@mapy.cz,Genderfluid,Germany,49.8180135,9.9637931
50,Cassius,Fremantle,cfremantle1d@wiley.com,Male,Germany,50.5487974,8.5763725
51,Alisander,Tuting,atuting1e@nytimes.com,Male,Germany,53.132048,8.7398289
52,Elsie,Imlaw,eimlaw1f@furl.net,Female,Germany,52.4639426,13.3728893
53,Pearce,De Ath,pdeath1g@plala.or.jp,Male,Germany,51.2034374,7.1301012
54,Gib,Tate,gtate1h@tumblr.com,Male,Germany,51.5195303,7.5123813
55,Ania,Mabbe,amabbe1i@netvibes.com,Female,Germany,52.2415583,8.0495294
56,Bartie,Dawney,bdawney1j@google.fr,Male,Germany,50.9173381,7.0902515
57,Yolanthe,Baudou,ybaudou1k@amazon.de,Female,Germany,53.132048,8.7398289
58,Vernor,Cheverton,vcheverton1l@tripod.com,Male,Germany,51.1461168,7.1220857
59,Sandy,Attoe,sattoe1m@surveymonkey.com,Female,Germany,51.1461168,7.1220857
60,Nanny,Jeffry,njeffry1n@answers.com,Female,Germany,51.0845418,13.6458926
61,Kris,Unthank,kunthank1o@washington.edu,Female,Germany,52.3863062,9.7156831
62,Heather,Seller,hseller1p@alexa.com,Polygender,Germany,53.607925,10.0852568
63,Duke,Zaniolini,dzaniolini1q@myspace.com,Male,Germany,48.2115037,11.5131806
64,Gareth,Lockley,glockley1r@vkontakte.ru,Male,Germany,53.5472987,9.9778279
65,Tore,Matysiak,tmatysiak1s@51.la,Male,Germany,52.415113,13.1468678
66,Keene,Bacop,kbacop1t@phpbb.com,Male,Germany,51.9601912,7.5468477
67,Yvon,Stook,ystook1u@rediff.com,Male,Germany,49.4637092,8.560081
68,Shawn,Cosford,scosford1v@vkontakte.ru,Female,Germany,52.5485032,13.2385645
69,Abbey,Cholton,acholton1w@google.co.uk,Male,Germany,53.6125259,9.9659855
70,Blair,Kadar,bkadar1x@linkedin.com,Female,Germany,51.4964248,7.1215271
71,Kial,Caswill,kcaswill1y@parallels.com,Female,Germany,51.256002,7.1736304
72,Yorke,Hamments,yhamments1z@imdb.com,Male,Germany,48.7893977,9.1962771
73,Bart,Elmes,belmes20@buzzfeed.com,Male,Germany,52.3723858,9.6890537
74,Vin,Dicke,vdicke21@creativecommons.org,Female,Germany,49.4603474,8.402137
75,Nicki,Eliassen,neliassen22@omniture.com,Female,Germany,49.4637092,8.560081
76,Louis,Fosberry,lfosberry23@angelfire.com,Male,Germany,52.3723858,9.6890537
77,Wesley,Lemm,wlemm24@cbslocal.com,Male,Germany,48.1251024,11.5584376
78,Benedick,Goodings,bgoodings25@geocities.jp,Male,Germany,52.5485032,13.2385645
79,Lizzy,Wife,lwife26@merriam-webster.com,Female,Germany,51.441874,6.886548
80,Desirae,Pyvis,dpyvis27@examiner.com,Female,Germany,53.607925,10.0852568
81,Ari,Josifovitz,ajosifovitz28@globo.com,Male,Germany,50.7868675,12.8945945
82,Alessandra,Leteurtre,aleteurtre29@imdb.com,Female,Germany,51.2804955,9.4266475
83,Rebe,Gilcriest,rgilcriest2a@weebly.com,Female,Germany,48.1127929,11.5681872
84,Gaspar,Itschakov,gitschakov2b@microsoft.com,Male,Germany,51.2928924,12.4645518
85,Isahella,Rayner,irayner2c@rambler.ru,Female,Germany,48.2115037,11.5131806
86,Farlee,Lampkin,flampkin2d@phoca.cz,Genderfluid,Germany,51.3305246,6.7625867
87,Yvette,Conaghan,yconaghan2e@pen.io,Female,Germany,51.2149435,6.7825598
88,Ulrikaumeko,Reinert,ureinert2f@dailymail.co.uk,Female,Germany,50.9093945,7.0486698
89,Anastasie,Nash,anash2g@yahoo.com,Female,Germany,51.4787653,12.0365785
90,Sophey,Bartolic,sbartolic2h@slideshare.net,Female,Germany,51.3305246,6.7625867
91,Leodora,Cohr,lcohr2i@intel.com,Female,Germany,52.2415583,8.0495294
92,Brad,Bryett,bbryett2j@sphinn.com,Male,Germany,53.5483785,10.078217
93,Hanan,Kydd,hkydd2k@mapquest.com,Polygender,Germany,53.5830905,9.7537598
94,Lyell,Meharg,lmeharg2l@si.edu,Male,Germany,52.0404442,8.4770585
95,Janessa,Chapiro,jchapiro2m@ovh.net,Female,Germany,54.1463269,12.1186173
96,Kordula,McMarquis,kmcmarquis2n@1und1.de,Female,Germany,51.349366,9.7730968
97,Harwell,Scarasbrick,hscarasbrick2o@list-manage.com,Male,Germany,48.8096645,9.2415192
98,Myles,Futter,mfutter2p@ucla.edu,Male,Germany,52.5496772,13.3643415
99,Emalia,Harry,eharry2q@geocities.com,Female,Germany,53.903083,10.7533775
100,Agnella,Fipp,afipp2r@newsvine.com,Female,Germany,50.7218455,8.3073813
101,Eleen,Nunes Nabarro,enunesnabarro2s@behance.net,Female,Germany,51.0144934,13.6972162
102,Teri,Poolton,tpoolton2t@merriam-webster.com,Female,Germany,50.0022253,8.1937267
103,Giffy,Mowsdell,gmowsdell2u@jigsy.com,Male,Germany,52.4639426,13.3728893
104,Bertrando,Lawleff,blawleff2v@yelp.com,Non-binary,Germany,51.4188047,6.9643749
105,Noelle,Frill,nfrill2w@seattletimes.com,Female,Germany,51.4188047,6.9643749
106,Sara,Goodall,sgoodall2x@hp.com,Female,Germany,49.4025357,11.0502709
107,Lodovico,Ginman,lginman2y@meetup.com,Genderfluid,Germany,53.607925,10.0852568
108,Jerrold,Cruickshank,jcruickshank2z@list-manage.com,Male,Germany,52.4555293,13.339803
109,Kimberly,Trood,ktrood30@scribd.com,Female,Germany,52.4609077,13.4815474
110,Trixie,Purry,tpurry31@smh.com.au,Female,Germany,50.7868675,12.8945945
111,Sonny,Radclyffe,sradclyffe32@addthis.com,Male,Germany,53.4460678,10.1569956
112,Aarika,Rosengart,arosengart33@unicef.org,Female,Germany,51.1461168,7.1220857
113,Alasteir,Jestico,ajestico34@mac.com,Agender,Germany,51.256002,7.1736304
114,Dina,Peyton,dpeyton35@comsenz.com,Female,Germany,50.1157078,8.6591469
115,Vinny,MacMechan,vmacmechan36@chicagotribune.com,Female,Germany,51.085544,13.6276849
116,Preston,Villa,pvilla37@wikimedia.org,Male,Germany,52.1557661,11.5721966
117,Yance,Chavey,ychavey38@aboutads.info,Male,Germany,51.5195303,7.5123813
118,Dennet,Bromilow,dbromilow39@squarespace.com,Male,Germany,50.7074591,7.1093481
119,Aeriell,Winchcombe,awinchcombe3a@meetup.com,Female,Germany,48.1700928,11.5776824
120,Waldo,Quartley,wquartley3b@buzzfeed.com,Male,Germany,52.3927372,9.8476686
121,Onida,Costello,ocostello3c@dailymotion.com,Agender,Germany,50.8290179,12.872972
122,Dion,Dirr,ddirr3d@ca.gov,Female,Germany,48.0044582,7.8374651
123,Conn,MacRanald,cmacranald3e@latimes.com,Male,Germany,51.4188047,6.9643749
124,Giffy,Cromarty,gcromarty3f@list-manage.com,Male,Germany,51.1329676,6.4449432
125,Felicity,Haly,fhaly3g@google.co.jp,Female,Germany,49.4637092,8.560081
126,Beryle,Davidovics,bdavidovics3h@flavors.me,Female,Germany,52.4767935,13.2962036
127,Sigmund,Hallbord,shallbord3i@tuttocitta.it,Male,Germany,53.6447228,10.0383761
128,Dasie,Grundell,dgrundell3j@blogspot.com,Female,Germany,48.8096645,9.2415192
129,Townie,Samber,tsamber3k@cargocollective.com,Male,Germany,49.1376432,9.1776059
130,Eleonora,Tonkin,etonkin3l@java.com,Female,Germany,52.5593051,13.4761485
131,Darcy,Mounsie,dmounsie3m@hp.com,Female,Germany,48.1700928,11.5776824
132,Devy,Gutridge,dgutridge3n@techcrunch.com,Male,Germany,51.3948213,6.6518329
133,Hercules,Timny,htimny3o@bravesites.com,Male,Germany,48.0044582,7.8374651
134,Lucinda,Lebreton,llebreton3p@irs.gov,Female,Germany,51.441874,6.886548
135,Kora,Pettus,kpettus3q@theatlantic.com,Female,Germany,53.6125259,9.9659855
136,Harper,Birchill,hbirchill3r@ibm.com,Male,Germany,52.0404442,8.4770585
137,Donny,Lago,dlago3s@ycombinator.com,Female,Germany,53.4460678,10.1569956
138,Joelie,Paulet,jpaulet3t@sakura.ne.jp,Female,Germany,53.5754959,10.0807485
139,Nap,Hinckes,nhinckes3u@apache.org,Male,Germany,51.3383504,12.3634475
140,Cassondra,Schwanden,cschwanden3v@foxnews.com,Female,Germany,49.4418055,11.1234198
141,Lou,Ramble,lramble3w@ftc.gov,Female,Germany,49.4904742,11.0986834
142,Whitaker,Spaduzza,wspaduzza3x@dot.gov,Male,Germany,53.5567847,8.5929499
143,Kort,Riche,kriche3y@webeden.co.uk,Male,Germany,48.8096645,9.2415192
144,Hagan,MacPike,hmacpike3z@utexas.edu,Male,Germany,52.2346447,10.5665003
145,Stefano,Busswell,sbusswell40@rakuten.co.jp,Male,Germany,51.441874,6.886548
146,Peder,Haggerston,phaggerston41@zimbio.com,Male,Germany,52.3927372,9.8476686
147,Rurik,Borkin,rborkin42@trellian.com,Male,Germany,51.441874,6.886548
148,Culley,Lafont,clafont43@arstechnica.com,Male,Germany,52.3863062,9.7156831
149,Reine,De Brett,rdebrett44@digg.com,Female,Germany,52.5485032,13.2385645
150,Trevar,Cassy,tcassy45@cbslocal.com,Polygender,Germany,52.3863062,9.7156831
151,Ailbert,Hammonds,ahammonds46@webnode.com,Male,Germany,52.5890862,13.3032995
152,Ray,Finney,rfinney47@freewebs.com,Genderqueer,Germany,51.2034374,7.1301012
153,Gregory,Barnish,gbarnish48@posterous.com,Male,Germany,50.0897141,8.271907
154,Wake,Cardero,wcardero49@smugmug.com,Male,Germany,52.4639426,13.3728893
155,Mable,Skones,mskones4a@amazonaws.com,Female,Germany,53.5830905,9.7537598
156,Waldon,Stelljes,wstelljes4b@illinois.edu,Male,Germany,51.2804955,9.4266475
157,Esta,Danelet,edanelet4c@drupal.org,Female,Germany,51.4188047,6.9643749
158,Therese,Hubbold,thubbold4d@sakura.ne.jp,Female,Germany,51.1974375,6.7898817
159,Mozelle,Nicolls,mnicolls4e@i2i.jp,Genderfluid,Germany,51.1879547,6.8173593
160,Burke,Brothwood,bbrothwood4f@cloudflare.com,Male,Germany,51.1461168,7.1220857
161,Margo,Wenger,mwenger4g@state.gov,Female,Germany,50.9977219,11.0137723
162,Iormina,Meletti,imeletti4h@github.com,Female,Germany,52.3927372,9.8476686
163,Marna,Schofield,mschofield4i@ebay.com,Female,Germany,48.5373555,9.2004305
164,Danie,Gubbins,dgubbins4j@nydailynews.com,Male,Germany,52.5693104,13.3714743
165,Chilton,Gobbett,cgobbett4k@etsy.com,Male,Germany,50.9346454,6.9331365
166,Caitlin,Cluely,ccluely4l@soundcloud.com,Female,Germany,51.5195303,7.5123813
167,Erasmus,Patrie,epatrie4m@hatena.ne.jp,Male,Germany,51.5491768,7.2092264
168,Rodrigo,Kilkenny,rkilkenny4n@yandex.ru,Genderfluid,Germany,52.4837296,13.3304798
169,Pattie,Van Oord,pvanoord4o@amazon.de,Male,Germany,51.1615558,6.774529
170,Cull,Derrington,cderrington4p@disqus.com,Male,Germany,52.4555293,13.339803
171,Guillemette,Rosa,grosa4q@google.fr,Female,Germany,51.256002,7.1736304
172,Eyde,Darkott,edarkott4r@globo.com,Genderqueer,Germany,51.0144934,13.6972162
173,Michel,Dewdney,mdewdney4s@jalbum.net,Female,Germany,51.349366,9.7730968
174,Fin,Pretty,fpretty4t@yale.edu,Male,Germany,51.1974375,6.7898817
175,Jorge,Branthwaite,jbranthwaite4u@fc2.com,Male,Germany,50.7925769,6.1597163
176,Teirtza,Deelay,tdeelay4v@edublogs.org,Female,Germany,51.4188047,6.9643749
177,Yolande,Weatherup,yweatherup4w@gizmodo.com,Female,Germany,51.4923815,6.9694303
178,Clementina,Sills,csills4x@washington.edu,Female,Germany,51.349366,9.7730968
179,Dierdre,Wigfield,dwigfield4y@altervista.org,Polygender,Germany,52.5693104,13.3714743
180,Hunfredo,Khosa,hkhosa4z@t-online.de,Male,Germany,53.5900195,9.9897946
181,Martina,Harriman,mharriman50@163.com,Female,Germany,51.2804955,9.4266475
182,Garvey,Cooke,gcooke51@stumbleupon.com,Male,Germany,51.4787653,12.0365785
183,Zacharias,Osbaldeston,zosbaldeston52@creativecommons.org,Male,Germany,50.9093945,7.0486698
184,Waite,Hammon,whammon53@ucla.edu,Male,Germany,48.1251024,11.5584376
185,Claudell,Calder,ccalder54@google.com.hk,Male,Germany,49.4025357,11.0502709
186,Rachel,Storrar,rstorrar55@de.vu,Female,Germany,51.1461168,7.1220857
187,Lorain,Smallacombe,lsmallacombe56@photobucket.com,Female,Germany,53.4460678,10.1569956
188,Law,Heckle,lheckle57@discovery.com,Male,Germany,51.349366,9.7730968
189,Kattie,Lightwing,klightwing58@europa.eu,Female,Germany,50.9977219,11.0137723
190,Rodolphe,Orry,rorry59@unesco.org,Male,Germany,53.607925,10.0852568
191,Hans,Sola,hsola5a@angelfire.com,Male,Germany,48.0044582,7.8374651
192,Mathew,Wigmore,mwigmore5b@nba.com,Male,Germany,50.1616215,8.7032376
193,Art,Milnes,amilnes5c@shinystat.com,Male,Germany,51.1329676,6.4449432
194,Clayton,Laurand,claurand5d@acquirethisname.com,Male,Germany,51.2804955,9.4266475
195,Eve,Dewsnap,edewsnap5e@booking.com,Female,Germany,50.1616215,8.7032376
196,Livvyy,Kmicicki,lkmicicki5f@sakura.ne.jp,Female,Germany,50.104315,8.911141
197,Conant,Verick,cverick5g@yahoo.co.jp,Genderfluid,Germany,51.2034374,7.1301012
198,Wendye,Norrey,wnorrey5h@cnet.com,Female,Germany,51.349366,9.7730968
199,Kimberli,Denty,kdenty5i@nature.com,Female,Germany,51.1461168,7.1220857
200,Barry,Longo,blongo5j@technorati.com,Bigender,Germany,53.607925,10.0852568
201,Ailis,Kaes,akaes5k@usa.gov,Female,Germany,53.0903178,8.9354031
202,Galvan,Matantsev,gmatantsev5l@mayoclinic.com,Male,Germany,53.5754959,10.0807485
203,Karisa,Runham,krunham5m@360.cn,Female,Germany,51.1879547,6.8173593
204,Lora,Hexam,lhexam5n@chron.com,Female,Germany,48.8096645,9.2415192
205,Massimo,Koppeck,mkoppeck5o@woothemes.com,Male,Germany,51.3948213,6.6518329
206,Harvey,Hullett,hhullett5p@cmu.edu,Male,Germany,51.4964248,7.1215271
207,Kahaleel,Tidey,ktidey5q@accuweather.com,Male,Germany,51.0845418,13.6458926
208,Bryan,Vallis,bvallis5r@webmd.com,Male,Germany,48.1700928,11.5776824
209,Ed,Shaudfurth,eshaudfurth5s@sakura.ne.jp,Male,Germany,52.3927372,9.8476686
210,Kinna,Heijnen,kheijnen5t@addtoany.com,Female,Germany,50.7218455,8.3073813
211,Burty,Zylbermann,bzylbermann5u@forbes.com,Male,Germany,48.9728482,8.4060268
212,Jennine,Govenlock,jgovenlock5v@drupal.org,Female,Germany,48.7643143,9.1752629
213,Holly,Moscon,hmoscon5w@qq.com,Female,Germany,53.5483785,10.078217
214,Ulick,Stapford,ustapford5x@washington.edu,Male,Germany,53.6447228,10.0383761
215,Morgan,Doncom,mdoncom5y@tripod.com,Male,Germany,52.4856992,13.3488258
216,Wilmette,Shearsby,wshearsby5z@wikipedia.org,Female,Germany,53.5900195,9.9897946
217,Ardith,Buscher,abuscher60@live.com,Female,Germany,54.3171885,10.0477345
218,Janeta,Wrankling,jwrankling61@ebay.co.uk,Female,Germany,52.5496772,13.3643415
219,Otis,Lattka,olattka62@domainmarket.com,Male,Germany,48.3920947,10.8553557
220,Levon,Gymblett,lgymblett63@ted.com,Male,Germany,51.4787653,12.0365785
221,Babette,Ratt,bratt64@msu.edu,Female,Germany,53.607925,10.0852568
222,Josselyn,Tottem,jtottem65@irs.gov,Female,Germany,51.3305246,6.7625867
223,Rodrique,Maylott,rmaylott66@google.pl,Male,Germany,50.7074591,7.1093481
224,Tabitha,Dumbrall,tdumbrall67@nydailynews.com,Female,Germany,51.4790619,11.9027428
225,Lars,Addie,laddie68@discovery.com,Male,Germany,50.1157078,8.6591469
226,Oberon,Dayer,odayer69@tiny.cc,Male,Germany,51.5491768,7.2092264
227,Rozanna,Izkoveski,rizkoveski6a@unicef.org,Female,Germany,48.7893977,9.1962771
228,Reg,Dwelley,rdwelley6b@craigslist.org,Male,Germany,53.6125259,9.9659855
229,Friederike,Withnall,fwithnall6c@wikimedia.org,Female,Germany,52.5121401,13.414046
230,Stanton,Kaplan,skaplan6d@ca.gov,Male,Germany,48.0044582,7.8374651
231,Rochette,Nunnerley,rnunnerley6e@ehow.com,Female,Germany,53.0903178,8.9354031
232,Zondra,Reynalds,zreynalds6f@mapquest.com,Female,Germany,49.4418055,11.1234198
233,Dniren,Quinell,dquinell6g@mit.edu,Female,Germany,48.1127929,11.5681872
234,Gianni,Slyne,gslyne6h@yolasite.com,Male,Germany,49.4637092,8.560081
235,Emma,Lapthorn,elapthorn6i@businessinsider.com,Female,Germany,49.4025357,11.0502709
236,Brett,Springtorp,bspringtorp6j@technorati.com,Female,Germany,50.0022253,8.1937267
237,Beitris,Kerans,bkerans6k@amazon.co.uk,Female,Germany,52.415113,13.1468678
238,Maggy,Dallicoat,mdallicoat6l@imgur.com,Female,Germany,51.3305246,6.7625867
239,Bradley,Kittless,bkittless6m@histats.com,Male,Germany,52.4639426,13.3728893
240,Pearl,Cahalan,pcahalan6n@sogou.com,Female,Germany,52.5890862,13.3032995
241,Kimberley,Pretty,kpretty6o@scientificamerican.com,Female,Germany,48.2115037,11.5131806
242,Eleanora,Oleszkiewicz,eoleszkiewicz6p@technorati.com,Female,Germany,52.4981613,13.5581889
243,Reggis,McGilmartin,rmcgilmartin6q@paypal.com,Bigender,Germany,50.5487974,8.5763725
244,Erl,Vinck,evinck6r@mapy.cz,Male,Germany,50.0897141,8.271907
245,Marrilee,Aaron,maaron6s@telegraph.co.uk,Female,Germany,51.3305246,6.7625867
246,Ewan,Aingel,eaingel6t@cisco.com,Male,Germany,52.416925,13.6492904
247,Peggie,Dobing,pdobing6u@biblegateway.com,Female,Germany,52.5693104,13.3714743
248,Rod,Emberton,remberton6v@apple.com,Male,Germany,53.4460678,10.1569956
249,Collin,Mence,cmence6w@indiegogo.com,Male,Germany,51.5353894,7.4091222
250,Dee dee,Pydcock,dpydcock6x@nps.gov,Female,Germany,48.7643143,9.1752629
251,Geoffrey,Birts,gbirts6y@vkontakte.ru,Male,Germany,51.5491768,7.2092264
252,Brockie,Benoix,bbenoix6z@theglobeandmail.com,Male,Germany,52.4981613,13.5581889
253,Margarita,Scotti,mscotti70@sohu.com,Female,Germany,51.4918437,7.5319762
254,Anette,Sainsbury-Brown,asainsburybrown71@1688.com,Bigender,Germany,50.8290179,12.872972
255,Wilbert,Sumpner,wsumpner72@google.ru,Male,Germany,49.4603474,8.402137
256,Jedidiah,Flude,jflude73@domainmarket.com,Male,Germany,51.085544,13.6276849
257,Bekki,Furst,bfurst74@soundcloud.com,Female,Germany,51.1730117,7.2822788
258,Cathy,Dobney,cdobney75@gov.uk,Female,Germany,53.5483785,10.078217
259,Shel,Miranda,smiranda76@is.gd,Female,Germany,51.0144934,13.6972162
260,Court,Cooke,ccooke77@ameblo.jp,Bigender,Germany,48.7226206,9.1584836
261,Blythe,Lecky,blecky78@dedecms.com,Female,Germany,53.5511779,9.9641759
262,Cecile,Taylorson,ctaylorson79@ed.gov,Female,Germany,51.1974375,6.7898817
263,Malia,Worts,mworts7a@webnode.com,Female,Germany,51.5195303,7.5123813
264,Nickolas,Adriaens,nadriaens7b@state.tx.us,Male,Germany,48.0044582,7.8374651
265,Sybilla,Carrabott,scarrabott7c@dell.com,Female,Germany,51.5195303,7.5123813
266,Duke,Attenbrough,dattenbrough7d@theglobeandmail.com,Male,Germany,52.1557661,11.5721966
267,Royce,O'Doran,rodoran7e@telegraph.co.uk,Male,Germany,51.441874,6.886548
268,Darrell,Tofful,dtofful7f@virginia.edu,Male,Germany,53.5472987,9.9778279
269,Barclay,O'Lunny,bolunny7g@mail.ru,Male,Germany,52.2346447,10.5665003
270,Linell,Kleinzweig,lkleinzweig7h@tinyurl.com,Female,Germany,53.5900195,9.9897946
271,Pamella,Bault,pbault7i@soup.io,Female,Germany,52.3824851,13.3993839
272,Lemmy,McGaffey,lmcgaffey7j@paypal.com,Male,Germany,52.4639426,13.3728893
273,Bethena,Diver,bdiver7k@merriam-webster.com,Genderfluid,Germany,52.5170826,13.3236611
274,Matthaeus,Kayzer,mkayzer7l@epa.gov,Male,Germany,49.4904742,11.0986834
275,My,Bourbon,mbourbon7m@cdc.gov,Male,Germany,51.085544,13.6276849
276,Drud,Kehri,dkehri7n@tiny.cc,Male,Germany,50.0809432,8.8107219
277,Marve,Zammett,mzammett7o@purevolume.com,Male,Germany,51.4790619,11.9027428
278,Joela,Brickdale,jbrickdale7p@apache.org,Female,Germany,52.4867189,13.4343715
279,Ingeborg,De Giorgio,idegiorgio7q@businessweek.com,Female,Germany,52.3863062,9.7156831
280,Johnathan,Matyushenko,jmatyushenko7r@baidu.com,Male,Germany,53.607925,10.0852568
281,Aurora,Gulk,agulk7s@live.com,Female,Germany,51.7941895,14.3056705
282,Bevvy,McAlees,bmcalees7t@digg.com,Bigender,Germany,48.5373555,9.2004305
283,Bettina,Pilch,bpilch7u@ocn.ne.jp,Polygender,Germany,52.3723858,9.6890537
284,Cherey,Alkin,calkin7v@google.com.br,Female,Germany,53.5472987,9.9778279
285,Yancy,Raddan,yraddan7w@artisteer.com,Male,Germany,48.2115037,11.5131806
286,Ileane,Scottini,iscottini7x@japanpost.jp,Female,Germany,53.5835808,10.020578
287,Opaline,Gribben,ogribben7y@ezinearticles.com,Female,Germany,48.1700928,11.5776824
288,Miran,Cowerd,mcowerd7z@pen.io,Agender,Germany,52.2415583,8.0495294
289,Brear,Spicer,bspicer80@surveymonkey.com,Agender,Germany,50.041381,8.5800547
290,Gwendolin,Dunleavy,gdunleavy81@eepurl.com,Non-binary,Germany,50.9346454,6.9331365
291,Falito,Cordey,fcordey82@people.com.cn,Genderfluid,Germany,51.3303754,12.40504
292,Aluin,Gopsill,agopsill83@youtube.com,Male,Germany,51.3303754,12.40504
293,Freddy,Bussen,fbussen84@ucoz.ru,Male,Germany,49.1376432,9.1776059
294,Edna,Barrington,ebarrington85@wix.com,Female,Germany,53.132048,8.7398289
295,Pammie,Cassedy,pcassedy86@histats.com,Agender,Germany,52.4837296,13.3304798
296,Emmet,Devin,edevin87@ifeng.com,Male,Germany,51.1615558,6.774529
297,Oliver,Dorr,odorr88@issuu.com,Male,Germany,51.4790619,11.9027428
298,Gratiana,Borrington,gborrington89@elegantthemes.com,Female,Germany,52.3863062,9.7156831
299,Leonard,Castelyn,lcastelyn8a@dagondesign.com,Male,Germany,50.7074591,7.1093481
300,Rodie,Domke,rdomke8b@phpbb.com,Female,Germany,51.3948213,6.6518329
301,Sonnie,Elcoat,selcoat8c@salon.com,Male,Germany,53.903083,10.7533775
302,Debor,Jakeway,djakeway8d@histats.com,Female,Germany,49.4637092,8.560081
303,Edith,Ilem,eilem8e@newyorker.com,Female,Germany,53.607925,10.0852568
304,Camile,Pergens,cpergens8f@yale.edu,Female,Germany,51.9601912,7.5468477
305,Harman,Craghead,hcraghead8g@census.gov,Male,Germany,51.0144934,13.6972162
306,Ilsa,MacAlpin,imacalpin8h@uiuc.edu,Female,Germany,53.5754959,10.0807485
307,Romain,Sherburn,rsherburn8i@phpbb.com,Male,Germany,47.9963155,7.8107621
308,Danyette,Pyrke,dpyrke8j@ustream.tv,Female,Germany,53.0903178,8.9354031
309,Belia,Norridge,bnorridge8k@toplist.cz,Female,Germany,50.9977219,11.0137723
310,Mord,Ing,ming8l@tripadvisor.com,Male,Germany,52.4767935,13.2962036
311,Priscilla,Betteridge,pbetteridge8m@japanpost.jp,Female,Germany,51.2034374,7.1301012
312,Randie,Polson,rpolson8n@bloglovin.com,Male,Germany,52.4609077,13.4815474
313,Winny,Jakes,wjakes8o@discuz.net,Male,Germany,50.7218455,8.3073813
314,Kimberly,Cogzell,kcogzell8p@wordpress.com,Female,Germany,50.9173381,7.0902515
315,Letti,Wride,lwride8q@mac.com,Female,Germany,52.416925,13.6492904
316,Marcellina,Caplin,mcaplin8r@macromedia.com,Female,Germany,50.104315,8.911141
317,Florance,Blackborn,fblackborn8s@infoseek.co.jp,Female,Germany,51.1974375,6.7898817
318,Giralda,Orgill,gorgill8t@moonfruit.com,Female,Germany,52.416925,13.6492904
319,Ansley,Branche,abranche8u@wired.com,Female,Germany,52.3927372,9.8476686
320,Sharlene,Fewlass,sfewlass8v@nasa.gov,Female,Germany,52.5170826,13.3236611
321,Llywellyn,Brakewell,lbrakewell8w@guardian.co.uk,Male,Germany,51.4492114,7.1597986
322,Bibby,Le Fleming,blefleming8x@sogou.com,Female,Germany,53.5900195,9.9897946
323,Willyt,Mauchline,wmauchline8y@vimeo.com,Female,Germany,51.5195303,7.5123813
324,Truman,Carmichael,tcarmichael8z@51.la,Male,Germany,51.256002,7.1736304
325,Elisha,Fricker,efricker90@dropbox.com,Female,Germany,51.2149435,6.7825598
326,Hammad,Matessian,hmatessian91@shareasale.com,Male,Germany,52.2802311,10.5390217
327,Annalise,Chiplin,achiplin92@npr.org,Female,Germany,52.4981613,13.5581889
328,Alastair,Aronstein,aaronstein93@china.com.cn,Male,Germany,52.4837296,13.3304798
329,Don,Kivlehan,dkivlehan94@bandcamp.com,Male,Germany,50.1157078,8.6591469
330,Aurthur,Fassbender,afassbender95@diigo.com,Male,Germany,48.7893977,9.1962771
331,Carola,Gaffney,cgaffney96@soundcloud.com,Genderqueer,Germany,52.5121401,13.414046
332,Emelita,Hudspith,ehudspith97@odnoklassniki.ru,Genderqueer,Germany,51.0845418,13.6458926
333,Robers,Braddon,rbraddon98@nytimes.com,Agender,Germany,50.1616215,8.7032376
334,Corina,Le Provest,cleprovest99@upenn.edu,Genderqueer,Germany,50.9210958,6.8968829
335,Silvain,Collimore,scollimore9a@flickr.com,Male,Germany,53.5830905,9.7537598
336,Carine,Corson,ccorson9b@archive.org,Polygender,Germany,48.1251024,11.5584376
337,Ardene,Hunter,ahunter9c@photobucket.com,Female,Germany,51.3305246,6.7625867
338,Alberta,Benley,abenley9d@fc2.com,Female,Germany,50.104315,8.911141
339,Les,Palmer,lpalmer9e@tripadvisor.com,Male,Germany,51.1615558,6.774529
340,Emery,Ziemsen,eziemsen9f@bravesites.com,Male,Germany,52.5496772,13.3643415
341,Elston,Auty,eauty9g@feedburner.com,Male,Germany,51.7941895,14.3056705
342,Jackson,Dalley,jdalley9h@paypal.com,Genderqueer,Germany,51.1974375,6.7898817
343,Wilfred,Davidovics,wdavidovics9i@tmall.com,Male,Germany,53.5662722,9.9471012
344,Kean,Hackwell,khackwell9j@blogger.com,Male,Germany,53.5567847,8.5929499
345,Ab,Whistance,awhistance9k@si.edu,Male,Germany,54.3171885,10.0477345
346,Wells,Doig,wdoig9l@shop-pro.jp,Male,Germany,48.9728482,8.4060268
347,Mannie,Gillingwater,mgillingwater9m@ameblo.jp,Male,Germany,49.4637092,8.560081
348,Feliks,Luton,fluton9n@qq.com,Male,Germany,52.5433958,13.4413606
349,Jerri,Lomas,jlomas9o@is.gd,Male,Germany,51.4964248,7.1215271
350,Carine,Cridlin,ccridlin9p@netscape.com,Female,Germany,51.085544,13.6276849
351,Jeannie,Trusse,jtrusse9q@nasa.gov,Female,Germany,52.5693104,13.3714743
352,Lenka,Wapol,lwapol9r@ebay.com,Female,Germany,52.5496772,13.3643415
353,Deeanne,Blitz,dblitz9s@bloomberg.com,Female,Germany,51.4188047,6.9643749
354,Josey,Casillis,jcasillis9t@irs.gov,Female,Germany,50.7925769,6.1597163
355,Bessy,Folini,bfolini9u@dell.com,Female,Germany,49.4904742,11.0986834
356,Aleksandr,Camp,acamp9v@accuweather.com,Male,Germany,51.4923815,6.9694303
357,Elden,Wardesworth,ewardesworth9w@addthis.com,Male,Germany,53.4460678,10.1569956
358,Ulrich,Garbett,ugarbett9x@cmu.edu,Male,Germany,50.7868675,12.8945945
359,Teena,Windross,twindross9y@who.int,Female,Germany,52.5170826,13.3236611
360,Elsey,Spelling,espelling9z@t-online.de,Female,Germany,52.0404442,8.4770585
361,Conrado,Glastonbury,cglastonburya0@tripadvisor.com,Genderqueer,Germany,53.607925,10.0852568
362,Rebbecca,Filyashin,rfilyashina1@unblog.fr,Female,Germany,52.2415583,8.0495294
363,Caro,Beckers,cbeckersa2@deviantart.com,Female,Germany,52.5593051,13.4761485
364,Emerson,Bestwall,ebestwalla3@a8.net,Male,Germany,50.5487974,8.5763725
365,Carlo,Keeffe,ckeeffea4@latimes.com,Male,Germany,52.3824851,13.3993839
366,Ralf,Ravilus,rravilusa5@state.gov,Male,Germany,53.5472987,9.9778279
367,Osmund,McQuode,omcquodea6@t.co,Male,Germany,48.1251024,11.5584376
368,Dirk,Tack,dtacka7@google.com,Male,Germany,50.7218455,8.3073813
369,Brita,Rawstron,brawstrona8@dyndns.org,Female,Germany,51.5195303,7.5123813
370,Peterus,Piotr,ppiotra9@nifty.com,Male,Germany,50.7218455,8.3073813
371,Brit,Carman,bcarmanaa@si.edu,Female,Germany,50.9210958,6.8968829
372,Stephan,Inchley,sinchleyab@biglobe.ne.jp,Male,Germany,50.8290179,12.872972
373,Chance,Dever,cdeverac@cargocollective.com,Male,Germany,51.7941895,14.3056705
374,Caspar,Hallatt,challattad@va.gov,Male,Germany,49.8180135,9.9637931
375,Jacob,McKennan,jmckennanae@vistaprint.com,Male,Germany,48.1127929,11.5681872
376,Ermanno,Fourmy,efourmyaf@mozilla.org,Male,Germany,52.5593051,13.4761485
377,Aldus,Welch,awelchag@examiner.com,Male,Germany,48.7893977,9.1962771
378,Jamil,Trainor,jtrainorah@parallels.com,Male,Germany,52.3863062,9.7156831
379,Beltran,Cromwell,bcromwellai@newyorker.com,Male,Germany,51.3383504,12.3634475
380,Karole,Fenning,kfenningaj@creativecommons.org,Female,Germany,52.4856992,13.3488258
381,Bond,Semmens,bsemmensak@google.ca,Male,Germany,52.4555293,13.339803
382,Claudia,Yegoshin,cyegoshinal@amazon.de,Female,Germany,52.3824851,13.3993839
383,Leese,Flexman,lflexmanam@booking.com,Agender,Germany,50.9210958,6.8968829
384,Tiphanie,Nangle,tnanglean@ebay.com,Female,Germany,54.3418823,10.1150681
385,Waldemar,Dablin,wdablinao@nature.com,Male,Germany,53.5900195,9.9897946
386,Marlene,Haruard,mharuardap@mysql.com,Genderqueer,Germany,54.3418823,10.1150681
387,Rod,Jellico,rjellicoaq@wunderground.com,Male,Germany,51.7941895,14.3056705
388,Miran,Brinkworth,mbrinkworthar@tamu.edu,Female,Germany,52.1557661,11.5721966
389,Elfrieda,Willshire,ewillshireas@a8.net,Agender,Germany,51.0144934,13.6972162
390,Eda,Prichard,eprichardat@oaic.gov.au,Female,Germany,50.7074591,7.1093481
391,Inger,Kimmince,ikimminceau@arstechnica.com,Male,Germany,52.4555293,13.339803
392,Wilie,Blazek,wblazekav@skype.com,Female,Germany,51.4780256,7.0328812
393,Juditha,Hanbury,jhanburyaw@soundcloud.com,Non-binary,Germany,52.4639426,13.3728893
394,Oswald,Rabjohn,orabjohnax@homestead.com,Male,Germany,52.0404442,8.4770585
395,Chen,Scutter,cscutteray@businesswire.com,Male,Germany,49.4603474,8.402137
396,Dosi,Melledy,dmelledyaz@netlog.com,Female,Germany,48.1127929,11.5681872
397,Tiphanie,Carlo,tcarlob0@uol.com.br,Female,Germany,48.8096645,9.2415192
398,Evan,Laurent,elaurentb1@omniture.com,Genderqueer,Germany,50.1616215,8.7032376
399,Thorny,Measen,tmeasenb2@live.com,Male,Germany,51.2034374,7.1301012
400,Christen,Oyley,coyleyb3@miibeian.gov.cn,Female,Germany,52.5121401,13.414046
401,Byron,Leverett,bleverettb4@reverbnation.com,Genderfluid,Germany,52.4639426,13.3728893
402,Roxanne,Bottoms,rbottomsb5@berkeley.edu,Female,Germany,48.9728482,8.4060268
403,Kare,Retchford,kretchfordb6@bandcamp.com,Female,Germany,51.3303754,12.40504
404,Torrance,Powers,tpowersb7@europa.eu,Male,Germany,49.2088164,7.0075837
405,Torre,Corker,tcorkerb8@sbwire.com,Male,Germany,47.9963155,7.8107621
406,Ediva,Fleckness,eflecknessb9@reverbnation.com,Female,Germany,49.4904742,11.0986834
407,Aloysia,Minnette,aminnetteba@buzzfeed.com,Female,Germany,52.4767935,13.2962036
408,Nealon,Boness,nbonessbb@yelp.com,Genderqueer,Germany,49.1376432,9.1776059
409,Hartley,MacIlraith,hmacilraithbc@ucsd.edu,Male,Germany,52.3863062,9.7156831
410,Marga,Crimmins,mcrimminsbd@edublogs.org,Female,Germany,54.1463269,12.1186173
411,Shayne,Sweetsur,ssweetsurbe@clickbank.net,Male,Germany,51.4790619,11.9027428
412,Lila,Vagg,lvaggbf@vinaora.com,Female,Germany,52.1557661,11.5721966
413,Fairfax,Slinn,fslinnbg@lycos.com,Male,Germany,49.4904742,11.0986834
414,Florette,Philcott,fphilcottbh@auda.org.au,Female,Germany,53.5900195,9.9897946
415,Benton,Galea,bgaleabi@vk.com,Male,Germany,48.1288628,11.5089621
416,Panchito,Condy,pcondybj@networksolutions.com,Male,Germany,50.7218455,8.3073813
417,Toddy,Harvard,tharvardbk@adobe.com,Male,Germany,48.1288628,11.5089621
418,Vanessa,Tinkham,vtinkhambl@baidu.com,Female,Germany,51.4188047,6.9643749
419,Jourdain,Gosby,jgosbybm@ca.gov,Male,Germany,51.2149435,6.7825598
420,Kerby,Dudleston,kdudlestonbn@senate.gov,Male,Germany,51.2804955,9.4266475
421,Falkner,Yakubowicz,fyakubowiczbo@live.com,Male,Germany,53.5472987,9.9778279
422,Mufinella,Kopf,mkopfbp@samsung.com,Female,Germany,51.5195303,7.5123813
423,Thedric,Schrinel,tschrinelbq@nature.com,Male,Germany,51.256002,7.1736304
424,Fremont,Hallgate,fhallgatebr@craigslist.org,Male,Germany,51.085544,13.6276849
425,Kelsy,Mohan,kmohanbs@over-blog.com,Female,Germany,51.4492114,7.1597986
426,Winnie,Macci,wmaccibt@tinypic.com,Male,Germany,51.6813704,7.9085254
427,Mathilde,Peppard,mpeppardbu@google.ca,Female,Germany,51.2034374,7.1301012
428,Ursuline,Rastrick,urastrickbv@java.com,Female,Germany,53.607925,10.0852568
429,Atalanta,Hillen,ahillenbw@homestead.com,Female,Germany,51.4790619,11.9027428
430,Cherilynn,Vondrys,cvondrysbx@ehow.com,Female,Germany,50.0897141,8.271907
431,Sande,Birtley,sbirtleyby@state.tx.us,Female,Germany,51.4492114,7.1597986
432,Ches,Castellani,ccastellanibz@japanpost.jp,Male,Germany,50.8290179,12.872972
433,Katrinka,Cowlishaw,kcowlishawc0@sogou.com,Female,Germany,51.3305246,6.7625867
434,Baudoin,Plumbridge,bplumbridgec1@usda.gov,Male,Germany,52.5485032,13.2385645
435,Corty,Tatershall,ctatershallc2@nbcnews.com,Male,Germany,53.6125259,9.9659855
436,Germayne,Feldheim,gfeldheimc3@addtoany.com,Male,Germany,50.7218455,8.3073813
437,Purcell,O'Bruen,pobruenc4@newyorker.com,Male,Germany,52.5496772,13.3643415
438,Grant,Nesbit,gnesbitc5@histats.com,Male,Germany,52.4767935,13.2962036
439,Mary,Gallihawk,mgallihawkc6@tmall.com,Female,Germany,51.1461168,7.1220857
440,Pierette,Figg,pfiggc7@google.nl,Female,Germany,50.7868675,12.8945945
441,Lucilia,Aldren,laldrenc8@usgs.gov,Polygender,Germany,51.4492114,7.1597986
442,Denver,Treadwell,dtreadwellc9@buzzfeed.com,Male,Germany,51.441874,6.886548
443,Bessy,Boothman,bboothmanca@quantcast.com,Female,Germany,53.0903178,8.9354031
444,Martainn,Dumphy,mdumphycb@unblog.fr,Male,Germany,51.4923815,6.9694303
445,Teena,Local,tlocalcc@epa.gov,Female,Germany,51.256002,7.1736304
446,Augusta,Bunclark,abunclarkcd@dion.ne.jp,Female,Germany,52.5485032,13.2385645
447,Gregg,Badsey,gbadseyce@ebay.com,Male,Germany,49.2088164,7.0075837
448,Carce,Kures,ckurescf@digg.com,Male,Germany,48.9728482,8.4060268
449,Jemimah,Widdop,jwiddopcg@discovery.com,Female,Germany,51.7941895,14.3056705
450,Christos,MacCall,cmaccallch@ocn.ne.jp,Male,Germany,48.1288628,11.5089621
451,Ernaline,Jime,ejimeci@intel.com,Female,Germany,51.4188047,6.9643749
452,Donnajean,Borsay,dborsaycj@mapquest.com,Female,Germany,50.9210958,6.8968829
453,Gale,Capner,gcapnerck@wordpress.com,Male,Germany,52.4981613,13.5581889
454,Guinna,Longwood,glongwoodcl@unblog.fr,Female,Germany,52.4609077,13.4815474
455,Huey,Dunbobbin,hdunbobbincm@yellowbook.com,Male,Germany,51.0845418,13.6458926
456,Yehudi,Penrose,ypenrosecn@google.fr,Male,Germany,51.1461168,7.1220857
457,Stormi,Newlove,snewloveco@arizona.edu,Female,Germany,51.441874,6.886548
458,Germaine,Crooke,gcrookecp@nps.gov,Female,Germany,50.1157078,8.6591469
459,Kristofer,Garralts,kgarraltscq@indiegogo.com,Male,Germany,50.1157078,8.6591469
460,Gretchen,Aseef,gaseefcr@epa.gov,Female,Germany,53.5511779,9.9641759
461,Celisse,Jiricka,cjirickacs@walmart.com,Genderfluid,Germany,53.5511779,9.9641759
462,Artemus,Chilvers,achilversct@house.gov,Male,Germany,51.5353894,7.4091222
463,Benyamin,Brand-Hardy,bbrandhardycu@liveinternet.ru,Male,Germany,51.1461168,7.1220857
464,Colby,Queripel,cqueripelcv@chicagotribune.com,Male,Germany,50.9977219,11.0137723
465,Clemmie,Fieller,cfiellercw@dot.gov,Male,Germany,51.4918437,7.5319762
466,Adrianna,Kobes,akobescx@ucla.edu,Female,Germany,53.5662722,9.9471012
467,Celinda,Troak,ctroakcy@yale.edu,Female,Germany,48.1700928,11.5776824
468,Hortensia,Tressler,htresslercz@answers.com,Female,Germany,51.4492114,7.1597986
469,Lars,Louedey,llouedeyd0@feedburner.com,Male,Germany,50.104315,8.911141
470,Shantee,Marklin,smarklind1@purevolume.com,Female,Germany,50.5487974,8.5763725
471,Aloise,McKnockiter,amcknockiterd2@bloomberg.com,Female,Germany,51.1879547,6.8173593
472,Stephanie,Whitley,swhitleyd3@reuters.com,Female,Germany,53.607925,10.0852568
473,Wye,Baggs,wbaggsd4@gizmodo.com,Male,Germany,51.0144934,13.6972162
474,Elston,Jeandel,ejeandeld5@geocities.com,Male,Germany,48.7643143,9.1752629
475,Nap,Ivashnyov,nivashnyovd6@vistaprint.com,Male,Germany,54.1463269,12.1186173
476,Josias,Simnell,jsimnelld7@mapquest.com,Male,Germany,52.4981613,13.5581889
477,Gretchen,Oslar,goslard8@java.com,Female,Germany,52.3927372,9.8476686
478,Ivor,Aizikov,iaizikovd9@economist.com,Male,Germany,51.1329676,6.4449432
479,Devina,Millar,dmillarda@elegantthemes.com,Female,Germany,51.2804955,9.4266475
480,Thatch,Rice,tricedb@engadget.com,Male,Germany,50.9977219,11.0137723
481,Ephraim,Beincken,ebeinckendc@symantec.com,Male,Germany,51.1461168,7.1220857
482,Orbadiah,Addams,oaddamsdd@sitemeter.com,Male,Germany,51.4492114,7.1597986
483,Jeramie,Lindenberg,jlindenbergde@vistaprint.com,Male,Germany,48.5373555,9.2004305
484,Kennie,Feary,kfearydf@t.co,Male,Germany,51.7941895,14.3056705
485,Rosie,Doswell,rdoswelldg@dropbox.com,Female,Germany,51.4188047,6.9643749
486,Verne,Pinkstone,vpinkstonedh@eepurl.com,Male,Germany,50.0809432,8.8107219
487,Brooks,Simoncello,bsimoncellodi@wix.com,Male,Germany,53.5567847,8.5929499
488,Abbye,Gonsalvo,agonsalvodj@feedburner.com,Female,Germany,54.1463269,12.1186173
489,Bogart,Marsay,bmarsaydk@tinypic.com,Male,Germany,52.4837296,13.3304798
490,Sanderson,Burtonshaw,sburtonshawdl@twitter.com,Male,Germany,48.8096645,9.2415192
491,Kathie,McIan,kmciandm@facebook.com,Agender,Germany,52.5496772,13.3643415
492,Heriberto,Atkins,hatkinsdn@wsj.com,Male,Germany,50.9346454,6.9331365
493,Terrye,Bwye,tbwyedo@hubpages.com,Female,Germany,51.3303754,12.40504
494,Wilmette,Harvie,wharviedp@tinyurl.com,Female,Germany,52.0404442,8.4770585
495,Husein,Attle,hattledq@zdnet.com,Male,Germany,48.7226206,9.1584836
496,Derward,Jeffs,djeffsdr@trellian.com,Male,Germany,49.1376432,9.1776059
497,Nance,Sculpher,nsculpherds@imageshack.us,Female,Germany,51.1974375,6.7898817
498,Carter,Mateescu,cmateescudt@seattletimes.com,Male,Germany,48.3920947,10.8553557
499,Daryl,Wiffen,dwiffendu@t.co,Male,Germany,53.5835808,10.020578
500,Hetti,McConnell,hmcconnelldv@google.de,Female,Germany,53.5835808,10.020578
501,Hermy,Kempshall,hkempshalldw@thetimes.co.uk,Male,Germany,51.1730117,7.2822788
502,Vasili,Bettis,vbettisdx@slate.com,Male,Germany,52.4639426,13.3728893
503,Estell,Gabitis,egabitisdy@census.gov,Female,Germany,53.132048,8.7398289
504,Teirtza,Swaffield,tswaffielddz@booking.com,Female,Germany,53.903083,10.7533775
505,Barby,Moffet,bmoffete0@mediafire.com,Female,Germany,50.9210958,6.8968829
506,Tanhya,Blazejewski,tblazejewskie1@globo.com,Female,Germany,51.1615558,6.774529
507,Philippine,Stapleton,pstapletone2@google.it,Female,Germany,52.5485032,13.2385645
508,Lenard,Dugdale,ldugdalee3@facebook.com,Male,Germany,49.1376432,9.1776059
509,Freddy,Beeble,fbeeblee4@sourceforge.net,Male,Germany,50.0809432,8.8107219
510,Birch,MacKean,bmackeane5@timesonline.co.uk,Polygender,Germany,52.2802311,10.5390217
511,Janela,Saffon,jsaffone6@si.edu,Female,Germany,51.9601912,7.5468477
512,Rosie,Riquet,rriquete7@examiner.com,Female,Germany,50.0897141,8.271907
513,Anstice,Purkiss,apurkisse8@techcrunch.com,Genderqueer,Germany,53.903083,10.7533775
514,Felecia,Pressman,fpressmane9@cmu.edu,Female,Germany,52.2346447,10.5665003
515,Ly,Norkett,lnorkettea@networksolutions.com,Male,Germany,51.4780256,7.0328812
516,Libbie,Blint,lblinteb@bloomberg.com,Female,Germany,53.5662722,9.9471012
517,Mayne,Husbands,mhusbandsec@huffingtonpost.com,Male,Germany,50.7074591,7.1093481
518,Joelie,Gaynes,jgaynesed@freewebs.com,Female,Germany,51.4780256,7.0328812
519,Jacqueline,Fippe,jfippeee@mapquest.com,Female,Germany,48.7643143,9.1752629
520,Rosamond,Gilhespy,rgilhespyef@domainmarket.com,Female,Germany,52.2346447,10.5665003
521,Candi,McCunn,cmccunneg@msu.edu,Female,Germany,50.7074591,7.1093481
522,Gregorio,Doughtery,gdoughteryeh@ebay.com,Male,Germany,52.5496772,13.3643415
523,Toddy,Kopps,tkoppsei@amazonaws.com,Genderqueer,Germany,51.4918437,7.5319762
524,Coleen,Towey,ctoweyej@theguardian.com,Female,Germany,47.9963155,7.8107621
525,Brier,Chamley,bchamleyek@senate.gov,Female,Germany,50.041381,8.5800547
526,Buiron,Joost,bjoostel@fc2.com,Male,Germany,51.1730117,7.2822788
527,Marlowe,Kittles,mkittlesem@paypal.com,Male,Germany,52.0404442,8.4770585
528,Windham,Brinsford,wbrinsforden@statcounter.com,Genderqueer,Germany,52.4639426,13.3728893
529,Nev,Meneux,nmeneuxeo@census.gov,Male,Germany,53.607925,10.0852568
530,Kaja,Lequeux,klequeuxep@reverbnation.com,Female,Germany,51.441874,6.886548
531,Kyla,Caddies,kcaddieseq@tumblr.com,Female,Germany,48.1288628,11.5089621
532,Christie,Posen,cposener@4shared.com,Non-binary,Germany,50.104315,8.911141
533,Radcliffe,Henrique,rhenriquees@theglobeandmail.com,Male,Germany,50.9173381,7.0902515
534,Bridie,Kesby,bkesbyet@ucsd.edu,Female,Germany,51.6813704,7.9085254
535,Ardine,Darinton,adarintoneu@merriam-webster.com,Female,Germany,53.4460678,10.1569956
536,Bord,Enric,benricev@state.tx.us,Male,Germany,51.1730117,7.2822788
537,Drake,Klessmann,dklessmannew@ucsd.edu,Male,Germany,53.5835808,10.020578
538,Craggie,Mc Meekin,cmcmeekinex@smugmug.com,Male,Germany,52.5170826,13.3236611
539,Belicia,Khotler,bkhotlerey@apache.org,Female,Germany,50.9346454,6.9331365
540,Geoff,Donald,gdonaldez@nih.gov,Male,Germany,51.1461168,7.1220857
541,Laureen,Wyre,lwyref0@mac.com,Female,Germany,53.4460678,10.1569956
542,Kevon,Predohl,kpredohlf1@4shared.com,Male,Germany,49.4904742,11.0986834
543,Job,Itzkovici,jitzkovicif2@wisc.edu,Male,Germany,52.2346447,10.5665003
544,Bonnibelle,Konerding,bkonerdingf3@soup.io,Female,Germany,52.2802311,10.5390217
545,Gerianna,Suche,gsuchef4@deviantart.com,Female,Germany,51.441874,6.886548
546,Vita,Nazareth,vnazarethf5@posterous.com,Female,Germany,51.1974375,6.7898817
547,Claiborn,Careless,ccarelessf6@jiathis.com,Male,Germany,53.5754959,10.0807485
548,Alvy,Sturzaker,asturzakerf7@mlb.com,Male,Germany,54.3171885,10.0477345
549,Boris,A'field,bafieldf8@shop-pro.jp,Male,Germany,54.3418823,10.1150681
550,Doyle,Tailby,dtailbyf9@jugem.jp,Male,Germany,51.1329676,6.4449432
551,Dag,Wontner,dwontnerfa@tinypic.com,Male,Germany,53.607925,10.0852568
552,Jon,Chorlton,jchorltonfb@go.com,Male,Germany,53.5830905,9.7537598
553,Libbi,Coorington,lcooringtonfc@about.me,Non-binary,Germany,52.2415583,8.0495294
554,Leonora,Critzen,lcritzenfd@behance.net,Female,Germany,51.085544,13.6276849
555,Temp,Crummy,tcrummyfe@utexas.edu,Male,Germany,48.1700928,11.5776824
556,Margalit,Wakelin,mwakelinff@boston.com,Female,Germany,50.9648271,6.9538234
557,Teresa,Huntly,thuntlyfg@wikimedia.org,Female,Germany,51.256002,7.1736304
558,Belinda,Brandino,bbrandinofh@nature.com,Female,Germany,52.4609077,13.4815474
559,Mano,Blaver,mblaverfi@mail.ru,Male,Germany,53.132048,8.7398289
560,Loren,Colombier,lcolombierfj@cbc.ca,Female,Germany,53.5472987,9.9778279
561,Orbadiah,Goodricke,ogoodrickefk@exblog.jp,Male,Germany,53.5511779,9.9641759
562,Wilfrid,Broggio,wbroggiofl@t.co,Male,Germany,52.5890862,13.3032995
563,Eloisa,Preddle,epreddlefm@comcast.net,Female,Germany,51.4790619,11.9027428
564,Farlay,Atcherley,fatcherleyfn@fc2.com,Male,Germany,51.4492114,7.1597986
565,Cyndie,Bickford,cbickfordfo@blog.com,Female,Germany,48.1288628,11.5089621
566,Broderic,Lawlings,blawlingsfp@hud.gov,Male,Germany,53.903083,10.7533775
567,Ray,Burberye,rburberyefq@joomla.org,Female,Germany,51.4492114,7.1597986
568,Domenico,Scougall,dscougallfr@indiatimes.com,Male,Germany,51.2804955,9.4266475
569,Diarmid,Burdis,dburdisfs@fema.gov,Male,Germany,51.2149435,6.7825598
570,Parke,Worsnip,pworsnipft@cnbc.com,Male,Germany,49.4418055,11.1234198
571,Marty,Guilloneau,mguilloneaufu@edublogs.org,Male,Germany,50.9173381,7.0902515
572,Kissie,Laverock,klaverockfv@yandex.ru,Female,Germany,53.5511779,9.9641759
573,Lowrance,Dobie,ldobiefw@ameblo.jp,Male,Germany,51.4790619,11.9027428
574,Dawna,Bubb,dbubbfx@php.net,Female,Germany,52.4767935,13.2962036
575,Kristoforo,Ruger,krugerfy@dagondesign.com,Male,Germany,54.3418823,10.1150681
576,Heall,Nowakowska,hnowakowskafz@list-manage.com,Male,Germany,52.3824851,13.3993839
577,Wylma,Rigmand,wrigmandg0@state.gov,Female,Germany,54.1463269,12.1186173
578,Adair,Bethune,abethuneg1@wix.com,Male,Germany,53.5567847,8.5929499
579,Donelle,Pinor,dpinorg2@nsw.gov.au,Female,Germany,49.4637092,8.560081
580,Tera,Jaggli,tjagglig3@chicagotribune.com,Female,Germany,52.0404442,8.4770585
581,Delcine,Winterborne,dwinterborneg4@epa.gov,Female,Germany,51.0144934,13.6972162
582,Caralie,Tiron,ctirong5@nydailynews.com,Female,Germany,53.6125259,9.9659855
583,Bronny,Randalston,brandalstong6@prweb.com,Male,Germany,50.1157078,8.6591469
584,Aube,Jacobsen,ajacobseng7@spotify.com,Male,Germany,53.5900195,9.9897946
585,Buddie,Boome,bboomeg8@paypal.com,Male,Germany,52.0404442,8.4770585
586,Justus,Goult,jgoultg9@dailymotion.com,Male,Germany,52.2415583,8.0495294
587,Fraser,Delhay,fdelhayga@baidu.com,Male,Germany,50.8290179,12.872972
588,Joey,Bryenton,jbryentongb@myspace.com,Male,Germany,52.2802311,10.5390217
589,Tybie,Findlay,tfindlaygc@typepad.com,Female,Germany,53.4460678,10.1569956
590,Jerrilee,Mildenhall,jmildenhallgd@odnoklassniki.ru,Female,Germany,50.9093945,7.0486698
591,Farlee,Whiskerd,fwhiskerdge@jalbum.net,Male,Germany,48.7226206,9.1584836
592,Fleurette,O'Curneen,focurneengf@squarespace.com,Female,Germany,51.0144934,13.6972162
593,Delmer,Botcherby,dbotcherbygg@yolasite.com,Male,Germany,53.6447228,10.0383761
594,Robinia,Mandres,rmandresgh@senate.gov,Female,Germany,51.9601912,7.5468477
595,Ricardo,Aicken,raickengi@symantec.com,Male,Germany,48.1700928,11.5776824
596,Candra,Crecy,ccrecygj@toplist.cz,Female,Germany,50.9173381,7.0902515
597,Bourke,Ruecastle,bruecastlegk@usa.gov,Male,Germany,50.041381,8.5800547
598,Burch,Besque,bbesquegl@examiner.com,Polygender,Germany,51.1879547,6.8173593
599,Elane,Braun,ebraungm@wiley.com,Female,Germany,51.1730117,7.2822788
600,Laney,Coger,lcogergn@zimbio.com,Female,Germany,50.041381,8.5800547
601,Peta,Lindenfeld,plindenfeldgo@chicagotribune.com,Female,Germany,52.5121401,13.414046
602,Rainer,Jacox,rjacoxgp@nymag.com,Non-binary,Germany,51.1615558,6.774529
603,Skyler,Barnfield,sbarnfieldgq@feedburner.com,Male,Germany,51.4188047,6.9643749
604,Adam,Pedersen,apedersengr@free.fr,Male,Germany,51.2034374,7.1301012
605,Emmalynn,Hadleigh,ehadleighgs@vimeo.com,Female,Germany,51.5491768,7.2092264
606,Dawna,Seymark,dseymarkgt@elegantthemes.com,Female,Germany,48.8096645,9.2415192
607,Ernestine,Portress,eportressgu@yellowpages.com,Female,Germany,51.4758022,6.7112395
608,Kelsi,Domel,kdomelgv@marketwatch.com,Female,Germany,48.1288628,11.5089621
609,Murdock,Sleaford,msleafordgw@unesco.org,Non-binary,Germany,50.7925769,6.1597163
610,Janel,Shipp,jshippgx@slashdot.org,Non-binary,Germany,51.349366,9.7730968
611,Karmen,Olyff,kolyffgy@bigcartel.com,Female,Germany,51.5353894,7.4091222
612,Kynthia,Hardcastle,khardcastlegz@vkontakte.ru,Female,Germany,50.0022253,8.1937267
613,Linda,Sanbrooke,lsanbrookeh0@ft.com,Genderfluid,Germany,51.441874,6.886548
614,Tamqrah,Maslen,tmaslenh1@columbia.edu,Female,Germany,51.1329676,6.4449432
615,Craggy,MacFall,cmacfallh2@cdc.gov,Genderqueer,Germany,51.1461168,7.1220857
616,Celisse,Butterick,cbutterickh3@123-reg.co.uk,Female,Germany,53.903083,10.7533775
617,Benedikt,Yesinin,byesininh4@domainmarket.com,Male,Germany,53.5835808,10.020578
618,Carmine,Cobelli,ccobellih5@instagram.com,Female,Germany,50.9210958,6.8968829
619,Cathy,Kettle,ckettleh6@scribd.com,Female,Germany,52.1557661,11.5721966
620,Ora,Kennermann,okennermannh7@oaic.gov.au,Female,Germany,51.2804955,9.4266475
621,Kelli,Kemmett,kkemmetth8@princeton.edu,Female,Germany,52.4555293,13.339803
622,Emmanuel,McCuis,emccuish9@google.it,Male,Germany,48.7226206,9.1584836
623,Angelo,Langston,alangstonha@mashable.com,Male,Germany,51.5353894,7.4091222
624,Elvira,Wagner,ewagnerhb@soundcloud.com,Female,Germany,52.4867189,13.4343715
625,Netta,Jadczak,njadczakhc@weather.com,Female,Germany,51.449197,7.1957779
626,Merl,Tidridge,mtidridgehd@123-reg.co.uk,Female,Germany,51.4918437,7.5319762
627,Gayler,Viles,gvileshe@bluehost.com,Male,Germany,52.4981613,13.5581889
628,Peggi,Pybworth,ppybworthhf@w3.org,Female,Germany,51.1461168,7.1220857
629,Doro,Cosby,dcosbyhg@mapy.cz,Genderqueer,Germany,49.4603474,8.402137
630,Murvyn,Yankov,myankovhh@shinystat.com,Male,Germany,53.5567847,8.5929499
631,Robyn,Brazelton,rbrazeltonhi@php.net,Female,Germany,50.7218455,8.3073813
632,Jarred,Searchfield,jsearchfieldhj@ucla.edu,Male,Germany,53.5830905,9.7537598
633,Oralle,Bolderstone,obolderstonehk@dailymotion.com,Female,Germany,52.4555293,13.339803
634,Margarita,Hadley,mhadleyhl@dedecms.com,Female,Germany,52.5890862,13.3032995
635,Karna,Vine,kvinehm@ask.com,Female,Germany,47.9963155,7.8107621
636,Pablo,Dutton,pduttonhn@nhs.uk,Male,Germany,48.7893977,9.1962771
637,Somerset,Blofield,sblofieldho@free.fr,Male,Germany,51.3948213,6.6518329
638,Othello,Gapp,ogapphp@deliciousdays.com,Male,Germany,51.1615558,6.774529
639,Venita,Dedam,vdedamhq@apache.org,Female,Germany,49.4418055,11.1234198
640,Diena,Kalaher,dkalaherhr@hhs.gov,Agender,Germany,52.5693104,13.3714743
641,Chaim,McGreay,cmcgreayhs@dedecms.com,Male,Germany,51.256002,7.1736304
642,Faber,Odgaard,fodgaardht@discovery.com,Male,Germany,51.4790619,11.9027428
643,Grissel,Chilver,gchilverhu@home.pl,Female,Germany,52.5496772,13.3643415
644,Lalo,Stranieri,lstranierihv@surveymonkey.com,Male,Germany,53.5472987,9.9778279
645,Essa,Liverock,eliverockhw@instagram.com,Female,Germany,52.4981613,13.5581889
646,Maje,Hessel,mhesselhx@kickstarter.com,Male,Germany,49.4418055,11.1234198
647,Essa,Pavyer,epavyerhy@cyberchimps.com,Female,Germany,49.8180135,9.9637931
648,Ebony,Gooderidge,egooderidgehz@indiegogo.com,Female,Germany,52.4981613,13.5581889
649,Judon,Eveque,jevequei0@stanford.edu,Male,Germany,51.1879547,6.8173593
650,Katherine,Spolton,kspoltoni1@blogs.com,Female,Germany,51.3305246,6.7625867
651,Shirley,Skough,sskoughi2@altervista.org,Female,Germany,48.2115037,11.5131806
652,Maryl,Giacomazzo,mgiacomazzoi3@sitemeter.com,Female,Germany,51.0144934,13.6972162
653,Jens,Loadman,jloadmani4@storify.com,Male,Germany,52.4609077,13.4815474
654,Eduino,Rentoul,erentouli5@jimdo.com,Male,Germany,50.0022253,8.1937267
655,Heriberto,Gimson,hgimsoni6@last.fm,Male,Germany,51.4492114,7.1597986
656,Dierdre,Dignum,ddignumi7@sbwire.com,Female,Germany,51.0144934,13.6972162
657,Ofella,Allebone,oallebonei8@jigsy.com,Female,Germany,52.4867189,13.4343715
658,Milt,Inger,mingeri9@edublogs.org,Male,Germany,52.3824851,13.3993839
659,Giffard,Steinor,gsteinoria@accuweather.com,Male,Germany,51.4923815,6.9694303
660,Travus,Trenear,ttrenearib@cargocollective.com,Male,Germany,50.041381,8.5800547
661,Albrecht,Swalteridge,aswalteridgeic@technorati.com,Male,Germany,51.1329676,6.4449432
662,Leda,Formilli,lformilliid@tuttocitta.it,Female,Germany,51.4918437,7.5319762
663,Jodie,Beadman,jbeadmanie@apple.com,Female,Germany,50.9093945,7.0486698
664,Ellis,Queen,equeenif@yandex.ru,Male,Germany,54.1463269,12.1186173
665,Flossie,Lawty,flawtyig@360.cn,Female,Germany,51.449197,7.1957779
666,Christiano,Codner,ccodnerih@reverbnation.com,Male,Germany,53.903083,10.7533775
667,Isobel,Valentin,ivalentinii@infoseek.co.jp,Female,Germany,51.5353894,7.4091222
668,Jeremiah,Shekle,jshekleij@a8.net,Male,Germany,52.3863062,9.7156831
669,Terrell,McKinna,tmckinnaik@chicagotribune.com,Male,Germany,48.2115037,11.5131806
670,Karney,Sothcott,ksothcottil@patch.com,Male,Germany,52.5121401,13.414046
671,Geri,Glaze,gglazeim@last.fm,Male,Germany,52.5693104,13.3714743
672,Lisbeth,Adamsson,ladamssonin@nationalgeographic.com,Female,Germany,52.4837296,13.3304798
673,Dewie,Hutchins,dhutchinsio@usgs.gov,Male,Germany,51.5195303,7.5123813
674,Cornelius,Locock,clocockip@wikipedia.org,Male,Germany,52.3863062,9.7156831
675,Lindie,Croose,lcrooseiq@wired.com,Female,Germany,52.5496772,13.3643415
676,Glyn,Gearing,ggearingir@last.fm,Male,Germany,49.4418055,11.1234198
677,Ralina,Slemming,rslemmingis@irs.gov,Polygender,Germany,54.1463269,12.1186173
678,Vania,Schwaiger,vschwaigerit@time.com,Female,Germany,51.4918437,7.5319762
679,Wanda,Whitty,wwhittyiu@ihg.com,Female,Germany,50.7218455,8.3073813
680,Angelico,Garthshore,agarthshoreiv@so-net.ne.jp,Male,Germany,50.0897141,8.271907
681,Tish,Claughton,tclaughtoniw@purevolume.com,Female,Germany,53.5754959,10.0807485
682,Arnaldo,Doodson,adoodsonix@slashdot.org,Male,Germany,47.9963155,7.8107621
683,Gawain,Duddan,gduddaniy@unicef.org,Male,Germany,51.4964248,7.1215271
684,Bobbie,Lowre,blowreiz@independent.co.uk,Male,Germany,48.7643143,9.1752629
685,Anabal,Dye,adyej0@odnoklassniki.ru,Female,Germany,53.5511779,9.9641759
686,Jock,Lubomirski,jlubomirskij1@mediafire.com,Male,Germany,51.4964248,7.1215271
687,Wang,Rathke,wrathkej2@bandcamp.com,Male,Germany,48.1700928,11.5776824
688,Bronny,Capehorn,bcapehornj3@canalblog.com,Male,Germany,52.5890862,13.3032995
689,Lorens,Sallter,lsallterj4@gov.uk,Male,Germany,51.256002,7.1736304
690,Holt,Mahady,hmahadyj5@arizona.edu,Genderqueer,Germany,51.3383504,12.3634475
691,Damien,Boswood,dboswoodj6@biglobe.ne.jp,Male,Germany,52.3723858,9.6890537
692,Yelena,Atcheson,yatchesonj7@economist.com,Female,Germany,48.5373555,9.2004305
693,Dar,Simonnin,dsimonninj8@wired.com,Male,Germany,51.5353894,7.4091222
694,Meghann,Kettlestring,mkettlestringj9@histats.com,Female,Germany,51.1974375,6.7898817
695,Corty,Jovis,cjovisja@vk.com,Male,Germany,52.5890862,13.3032995
696,Clare,Winnister,cwinnisterjb@disqus.com,Male,Germany,48.1127929,11.5681872
697,Manfred,Huriche,mhurichejc@auda.org.au,Male,Germany,53.5511779,9.9641759
698,Abraham,Caulder,acaulderjd@foxnews.com,Male,Germany,53.607925,10.0852568
699,Raquela,Scohier,rscohierje@t-online.de,Female,Germany,52.5890862,13.3032995
700,Penny,Desporte,pdesportejf@mozilla.org,Male,Germany,50.9346454,6.9331365
701,Brendan,Bjerkan,bbjerkanjg@foxnews.com,Non-binary,Germany,53.5472987,9.9778279
702,Malcolm,Rengger,mrenggerjh@washingtonpost.com,Male,Germany,48.8096645,9.2415192
703,Danya,Lusgdin,dlusgdinji@macromedia.com,Male,Germany,52.5593051,13.4761485
704,Nicolis,Tummasutti,ntummasuttijj@hibu.com,Male,Germany,50.9210958,6.8968829
705,Feodor,Beevis,fbeevisjk@economist.com,Male,Germany,48.1251024,11.5584376
706,Dill,Madill,dmadilljl@wiley.com,Male,Germany,52.5485032,13.2385645
707,Prent,Simmank,psimmankjm@google.it,Male,Germany,51.4923815,6.9694303
708,Alisander,Mountfort,amountfortjn@weather.com,Male,Germany,48.1127929,11.5681872
709,Webb,Gillet,wgilletjo@webnode.com,Male,Germany,53.607925,10.0852568
710,Sammy,Handsheart,shandsheartjp@youtu.be,Female,Germany,50.9173381,7.0902515
711,Antonin,O'Lagen,aolagenjq@cbc.ca,Male,Germany,48.1214727,11.5322563
712,Nola,Birkin,nbirkinjr@github.io,Female,Germany,51.4758022,6.7112395
713,Menard,Jeske,mjeskejs@dion.ne.jp,Male,Germany,49.4637092,8.560081
714,Maribel,Tavinor,mtavinorjt@fc2.com,Female,Germany,50.9173381,7.0902515
715,Peirce,Rupke,prupkeju@umich.edu,Male,Germany,49.4418055,11.1234198
716,Jackquelin,Keegan,jkeeganjv@mac.com,Female,Germany,50.7218455,8.3073813
717,Merrick,De Moreno,mdemorenojw@ihg.com,Male,Germany,52.5496772,13.3643415
718,Florencia,Leacy,fleacyjx@pen.io,Female,Germany,51.2928924,12.4645518
719,Buckie,Ferro,bferrojy@icq.com,Male,Germany,51.4758022,6.7112395
720,Brendin,Comley,bcomleyjz@comcast.net,Male,Germany,50.1157078,8.6591469
721,Gamaliel,Samsworth,gsamsworthk0@springer.com,Male,Germany,50.041381,8.5800547
722,Barde,Vondrys,bvondrysk1@cdc.gov,Male,Germany,52.4867189,13.4343715
723,Claudina,Padfield,cpadfieldk2@elpais.com,Female,Germany,52.4639426,13.3728893
724,Lemmy,Bartusek,lbartusekk3@umich.edu,Male,Germany,51.4492114,7.1597986
725,Emmy,MacAlaster,emacalasterk4@google.com.au,Male,Germany,52.3927372,9.8476686
726,Rosette,McCurlye,rmccurlyek5@sfgate.com,Female,Germany,52.4837296,13.3304798
727,Dougy,Birrel,dbirrelk6@miitbeian.gov.cn,Male,Germany,53.5472987,9.9778279
728,Guillermo,Boddie,gboddiek7@apache.org,Male,Germany,52.5485032,13.2385645
729,Min,Dix,mdixk8@si.edu,Female,Germany,50.1616215,8.7032376
730,Di,Toon,dtoonk9@about.com,Genderfluid,Germany,52.2415583,8.0495294
731,Leilah,Rabier,lrabierka@behance.net,Female,Germany,52.3863062,9.7156831
732,Farly,Frisel,ffriselkb@ft.com,Male,Germany,51.4787653,12.0365785
733,Mandel,Wrist,mwristkc@tuttocitta.it,Male,Germany,51.1615558,6.774529
734,Salvidor,Killner,skillnerkd@goodreads.com,Male,Germany,51.4780256,7.0328812
735,Ronny,Shillum,rshillumke@canalblog.com,Female,Germany,51.4918437,7.5319762
736,Ileana,Brawn,ibrawnkf@furl.net,Female,Germany,48.1127929,11.5681872
737,Nels,Meddings,nmeddingskg@gov.uk,Male,Germany,50.7925769,6.1597163
738,Marquita,Jephcote,mjephcotekh@blogtalkradio.com,Female,Germany,48.5373555,9.2004305
739,Deloris,Nappin,dnappinki@rakuten.co.jp,Female,Germany,51.4787653,12.0365785
740,Sherwin,Savile,ssavilekj@printfriendly.com,Male,Germany,53.5483785,10.078217
741,Chrysler,D'eathe,cdeathekk@census.gov,Female,Germany,48.1214727,11.5322563
742,Milissent,Varian,mvariankl@networkadvertising.org,Female,Germany,52.5433958,13.4413606
743,August,Gegg,ageggkm@irs.gov,Male,Germany,54.3171885,10.0477345
744,Max,Arkcoll,markcollkn@mlb.com,Female,Germany,48.1251024,11.5584376
745,Rafa,Spurnier,rspurnierko@comsenz.com,Female,Germany,49.4603474,8.402137
746,Ezechiel,Kuhnke,ekuhnkekp@opensource.org,Male,Germany,51.1615558,6.774529
747,Dorthy,Briztman,dbriztmankq@patch.com,Female,Germany,49.4904742,11.0986834
748,Alfredo,Pedlingham,apedlinghamkr@ifeng.com,Male,Germany,50.9346454,6.9331365
749,Tomaso,Tocque,ttocqueks@techcrunch.com,Male,Germany,52.5496772,13.3643415
750,Hamlen,Overel,hoverelkt@pbs.org,Male,Germany,52.4981613,13.5581889
751,Dorolisa,Fyers,dfyersku@unc.edu,Female,Germany,53.5900195,9.9897946
752,Layne,MacColl,lmaccollkv@cdbaby.com,Female,Germany,47.9963155,7.8107621
753,Basile,Wellum,bwellumkw@artisteer.com,Male,Germany,51.1329676,6.4449432
754,Arleta,Vears,avearskx@mapy.cz,Female,Germany,52.4981613,13.5581889
755,Morgan,Breznovic,mbreznovicky@soundcloud.com,Male,Germany,53.5754959,10.0807485
756,Gearalt,Choules,gchouleskz@slate.com,Bigender,Germany,52.415113,13.1468678
757,Alfy,Andrivot,aandrivotl0@naver.com,Female,Germany,53.607925,10.0852568
758,Hedwig,McClinton,hmcclintonl1@hubpages.com,Female,Germany,52.4555293,13.339803
759,Pascale,Rodgier,prodgierl2@mlb.com,Male,Germany,49.2088164,7.0075837
760,Hasty,De Witt,hdewittl3@china.com.cn,Male,Germany,51.256002,7.1736304
761,Waylon,Blakemore,wblakemorel4@parallels.com,Male,Germany,52.415113,13.1468678
762,Maryjane,McCahey,mmccaheyl5@army.mil,Female,Germany,53.5830905,9.7537598
763,Javier,Maruska,jmaruskal6@tinypic.com,Male,Germany,50.9093945,7.0486698
764,Bing,Ordidge,bordidgel7@ifeng.com,Male,Germany,50.8290179,12.872972
765,Dunc,Brumwell,dbrumwelll8@gravatar.com,Male,Germany,52.3824851,13.3993839
766,Lazar,Otto,lottol9@dropbox.com,Male,Germany,51.1730117,7.2822788
767,Clemmy,Fontell,cfontellla@youtu.be,Female,Germany,53.5835808,10.020578
768,Alphonse,Pawnsford,apawnsfordlb@loc.gov,Male,Germany,53.5662722,9.9471012
769,Clementine,Dorran,cdorranlc@trellian.com,Female,Germany,51.5353894,7.4091222
770,Urbain,Carmel,ucarmelld@mayoclinic.com,Polygender,Germany,53.6125259,9.9659855
771,Joanne,Cookney,jcookneyle@linkedin.com,Female,Germany,51.6813704,7.9085254
772,Leonhard,Thairs,lthairslf@wikispaces.com,Bigender,Germany,52.3723858,9.6890537
773,Jo,Brabyn,jbrabynlg@omniture.com,Female,Germany,51.1879547,6.8173593
774,Jerrine,Kirstein,jkirsteinlh@zimbio.com,Female,Germany,51.6813704,7.9085254
775,Tam,Tudhope,ttudhopeli@sourceforge.net,Male,Germany,53.5830905,9.7537598
776,Trev,Eisenberg,teisenberglj@elegantthemes.com,Male,Germany,49.4418055,11.1234198
777,Kain,Hayford,khayfordlk@netvibes.com,Male,Germany,52.5593051,13.4761485
778,Carolynn,Pring,cpringll@diigo.com,Female,Germany,47.9963155,7.8107621
779,Franni,Derill,fderilllm@nationalgeographic.com,Female,Germany,48.7643143,9.1752629
780,Carver,Dengate,cdengateln@freewebs.com,Male,Germany,49.4603474,8.402137
781,Leola,Bramley,lbramleylo@businesswire.com,Female,Germany,53.5483785,10.078217
782,Sansone,Moakler,smoaklerlp@spotify.com,Male,Germany,51.4923815,6.9694303
783,Kenyon,Alred,kalredlq@yellowbook.com,Male,Germany,52.4856992,13.3488258
784,Tabbi,Trainer,ttrainerlr@google.de,Female,Germany,51.4923815,6.9694303
785,Linc,Bernini,lberninils@shareasale.com,Male,Germany,52.3927372,9.8476686
786,Amble,Dahill,adahilllt@comcast.net,Polygender,Germany,51.4780256,7.0328812
787,Hurleigh,Scardefield,hscardefieldlu@nih.gov,Male,Germany,48.2115037,11.5131806
788,Amelita,Swindles,aswindleslv@businessinsider.com,Female,Germany,51.1329676,6.4449432
789,Carma,Stockdale,cstockdalelw@skype.com,Female,Germany,51.2804955,9.4266475
790,Carlynn,McMurray,cmcmurraylx@live.com,Female,Germany,53.5830905,9.7537598
791,Manya,Getch,mgetchly@comsenz.com,Female,Germany,51.2928924,12.4645518
792,Abeu,Camelia,acamelialz@cbc.ca,Male,Germany,52.416925,13.6492904
793,Kania,Swatradge,kswatradgem0@myspace.com,Female,Germany,50.8290179,12.872972
794,Hanni,Birtwisle,hbirtwislem1@msu.edu,Female,Germany,48.3920947,10.8553557
795,Aggy,Betun,abetunm2@bbc.co.uk,Female,Germany,51.3305246,6.7625867
796,Bernard,Wickenden,bwickendenm3@blogspot.com,Male,Germany,52.4981613,13.5581889
797,Dillie,Bartrum,dbartrumm4@wired.com,Genderfluid,Germany,53.5472987,9.9778279
798,Chandler,Baumer,cbaumerm5@who.int,Male,Germany,48.5373555,9.2004305
799,Ange,Trahearn,atrahearnm6@cyberchimps.com,Male,Germany,53.0903178,8.9354031
800,Nicoli,Brosh,nbroshm7@sfgate.com,Female,Germany,51.3383504,12.3634475
801,Karla,Gomby,kgombym8@oracle.com,Female,Germany,51.2034374,7.1301012
802,Uri,Roffey,uroffeym9@imgur.com,Male,Germany,52.3863062,9.7156831
803,Huey,Byre,hbyrema@comcast.net,Male,Germany,51.4780256,7.0328812
804,Barnett,Storer,bstorermb@senate.gov,Male,Germany,54.1463269,12.1186173
805,Hope,Sebastian,hsebastianmc@flavors.me,Female,Germany,53.5662722,9.9471012
806,Bryce,Reckless,brecklessmd@washingtonpost.com,Male,Germany,51.4492114,7.1597986
807,Jewelle,Kerfut,jkerfutme@wunderground.com,Female,Germany,52.5121401,13.414046
808,Irvine,World,iworldmf@a8.net,Male,Germany,52.4867189,13.4343715
809,Wilek,Dargue,wdarguemg@netvibes.com,Male,Germany,48.7643143,9.1752629
810,Phillis,Srawley,psrawleymh@histats.com,Agender,Germany,52.3863062,9.7156831
811,Randolf,Appleyard,rappleyardmi@rakuten.co.jp,Male,Germany,50.7074591,7.1093481
812,Bartie,Genever,bgenevermj@wufoo.com,Male,Germany,49.4025357,11.0502709
813,Sutherlan,Suller,ssullermk@answers.com,Male,Germany,51.4923815,6.9694303
814,Latrina,Hobben,lhobbenml@godaddy.com,Female,Germany,51.2804955,9.4266475
815,Sholom,Ashby,sashbymm@aol.com,Male,Germany,51.5491768,7.2092264
816,Shirley,Poynor,spoynormn@hubpages.com,Polygender,Germany,51.349366,9.7730968
817,Margareta,Scopyn,mscopynmo@sakura.ne.jp,Female,Germany,52.5485032,13.2385645
818,Quent,Coultass,qcoultassmp@cnet.com,Male,Germany,52.5433958,13.4413606
819,Rudolfo,Riolfo,rriolfomq@businesswire.com,Agender,Germany,49.4025357,11.0502709
820,Burnard,Brixey,bbrixeymr@imdb.com,Male,Germany,54.3418823,10.1150681
821,Aldon,Tredget,atredgetms@csmonitor.com,Male,Germany,48.1440135,11.6074275
822,Darin,Mantz,dmantzmt@webeden.co.uk,Male,Germany,52.4867189,13.4343715
823,Ardys,Stenning,astenningmu@timesonline.co.uk,Female,Germany,51.2149435,6.7825598
824,Antoni,Sidebotton,asidebottonmv@ca.gov,Male,Germany,51.3383504,12.3634475
825,Abelard,Picton,apictonmw@intel.com,Male,Germany,53.5900195,9.9897946
826,Gwendolen,Yetton,gyettonmx@hexun.com,Female,Germany,53.5472987,9.9778279
827,Jazmin,Ashplant,jashplantmy@ustream.tv,Female,Germany,51.4188047,6.9643749
828,Dolores,MacAless,dmacalessmz@princeton.edu,Female,Germany,53.5567847,8.5929499
829,Saree,Stihl,sstihln0@oaic.gov.au,Female,Germany,52.416925,13.6492904
830,Courtney,Sacase,csacasen1@earthlink.net,Polygender,Germany,53.5900195,9.9897946
831,Zelma,Klimmek,zklimmekn2@typepad.com,Female,Germany,51.1974375,6.7898817
832,Jeramie,Coenraets,jcoenraetsn3@wsj.com,Male,Germany,51.1461168,7.1220857
833,Carolann,Bellew,cbellewn4@vistaprint.com,Female,Germany,48.7226206,9.1584836
834,Zak,Lody,zlodyn5@acquirethisname.com,Male,Germany,49.4904742,11.0986834
835,Marie-ann,Ettels,mettelsn6@salon.com,Female,Germany,49.1376432,9.1776059
836,Barbara,Eathorne,beathornen7@mtv.com,Female,Germany,53.5754959,10.0807485
837,Doris,Mussared,dmussaredn8@simplemachines.org,Female,Germany,50.7925769,6.1597163
838,Noble,Weighell,nweighelln9@imgur.com,Male,Germany,53.0903178,8.9354031
839,Syman,Brownsall,sbrownsallna@intel.com,Male,Germany,53.607925,10.0852568
840,Carolus,Venus,cvenusnb@wisc.edu,Agender,Germany,52.2802311,10.5390217
841,Cecilia,McCuish,cmccuishnc@washington.edu,Female,Germany,51.3305246,6.7625867
842,Audry,Fatscher,afatschernd@unesco.org,Female,Germany,48.5373555,9.2004305
843,Alica,Webby,awebbyne@privacy.gov.au,Female,Germany,49.4418055,11.1234198
844,Lou,Mosedale,lmosedalenf@sitemeter.com,Male,Germany,52.5170826,13.3236611
845,Meir,Keaves,mkeavesng@trellian.com,Male,Germany,50.7074591,7.1093481
846,Elmo,Eilhermann,eeilhermannnh@amazon.co.uk,Male,Germany,48.1700928,11.5776824
847,Darnell,Lemm,dlemmni@pen.io,Male,Germany,50.041381,8.5800547
848,Billi,Squibbs,bsquibbsnj@cornell.edu,Female,Germany,49.4418055,11.1234198
849,Brandie,Philpots,bphilpotsnk@pagesperso-orange.fr,Female,Germany,49.4904742,11.0986834
850,Yettie,Ricker,yrickernl@booking.com,Female,Germany,52.4981613,13.5581889
851,Vale,Arnal,varnalnm@loc.gov,Male,Germany,52.4837296,13.3304798
852,Francis,Pitchers,fpitchersnn@un.org,Male,Germany,51.4492114,7.1597986
853,Britt,Waren,bwarenno@vkontakte.ru,Female,Germany,50.1157078,8.6591469
854,Quintilla,Kiebes,qkiebesnp@networkadvertising.org,Female,Germany,48.8096645,9.2415192
855,Raoul,Zanini,rzanininq@phpbb.com,Male,Germany,49.4025357,11.0502709
856,Reinaldos,Hadye,rhadyenr@elpais.com,Male,Germany,54.1463269,12.1186173
857,Odey,Guilaem,oguilaemns@4shared.com,Male,Germany,51.4492114,7.1597986
858,Dallas,Kempson,dkempsonnt@technorati.com,Female,Germany,51.4918437,7.5319762
859,Kailey,Blagden,kblagdennu@mit.edu,Female,Germany,52.5485032,13.2385645
860,Stephine,Fancet,sfancetnv@dailymotion.com,Female,Germany,48.1251024,11.5584376
861,Cointon,Pitrollo,cpitrollonw@canalblog.com,Male,Germany,49.2088164,7.0075837
862,Saunderson,Gumery,sgumerynx@edublogs.org,Male,Germany,51.441874,6.886548
863,Jaquenetta,Ralph,jralphny@netscape.com,Female,Germany,52.5485032,13.2385645
864,Melonie,Marples,mmarplesnz@bbb.org,Female,Germany,54.3418823,10.1150681
865,Jacquelin,Rotchell,jrotchello0@gizmodo.com,Female,Germany,48.5373555,9.2004305
866,Hamel,Jeromson,hjeromsono1@about.me,Male,Germany,51.4923815,6.9694303
867,Kalina,Hathwood,khathwoodo2@google.cn,Female,Germany,53.6125259,9.9659855
868,Desdemona,Frowing,dfrowingo3@com.com,Female,Germany,51.3303754,12.40504
869,Indira,Twinterman,itwintermano4@upenn.edu,Female,Germany,53.5483785,10.078217
870,Nels,Gibbonson,ngibbonsono5@lycos.com,Male,Germany,51.256002,7.1736304
871,Estrella,Mercer,emercero6@rambler.ru,Female,Germany,52.5593051,13.4761485
872,Ardith,Mechell,amechello7@upenn.edu,Female,Germany,51.4758022,6.7112395
873,Israel,Isaaksohn,iisaaksohno8@instagram.com,Male,Germany,51.2928924,12.4645518
874,Cyb,Hammon,chammono9@senate.gov,Female,Germany,51.2928924,12.4645518
875,Marietta,Mateo,mmateooa@bluehost.com,Male,Germany,53.5835808,10.020578
876,Douglas,Lackinton,dlackintonob@t.co,Male,Germany,49.1376432,9.1776059
877,Barris,Moseby,bmosebyoc@epa.gov,Male,Germany,51.4758022,6.7112395
878,Michaeline,Sedgeworth,msedgeworthod@fotki.com,Female,Germany,52.2346447,10.5665003
879,Jeanne,Klemmt,jklemmtoe@cbslocal.com,Female,Germany,50.9210958,6.8968829
880,Tobey,Krammer,tkrammerof@artisteer.com,Female,Germany,51.2149435,6.7825598
881,Freeland,Locock,flocockog@wikipedia.org,Male,Germany,50.7925769,6.1597163
882,Rossie,Glendenning,rglendenningoh@census.gov,Male,Germany,51.2034374,7.1301012
883,Glad,Worsnip,gworsnipoi@cam.ac.uk,Female,Germany,48.1700928,11.5776824
884,Hazlett,Kennelly,hkennellyoj@drupal.org,Genderqueer,Germany,51.256002,7.1736304
885,Reggie,Wingar,rwingarok@1688.com,Female,Germany,50.1616215,8.7032376
886,Maxi,Drury,mdruryol@rambler.ru,Female,Germany,51.7941895,14.3056705
887,Berne,Pidler,bpidlerom@miibeian.gov.cn,Non-binary,Germany,51.4188047,6.9643749
888,Elliott,Sibbit,esibbiton@ning.com,Male,Germany,50.9346454,6.9331365
889,Issi,Silley,isilleyoo@sciencedirect.com,Female,Germany,48.7226206,9.1584836
890,Cybill,Stormonth,cstormonthop@sohu.com,Female,Germany,51.4790619,11.9027428
891,Bobinette,Cragell,bcragelloq@epa.gov,Female,Germany,53.5830905,9.7537598
892,Chelsey,Iacopini,ciacopinior@aboutads.info,Female,Germany,51.3303754,12.40504
893,Arnie,Fader,afaderos@hp.com,Male,Germany,51.0845418,13.6458926
894,Yves,Bygrave,ybygraveot@statcounter.com,Male,Germany,52.4767935,13.2962036
895,Anselma,Iashvili,aiashviliou@vk.com,Female,Germany,48.3920947,10.8553557
896,Rudolph,Paulisch,rpaulischov@twitpic.com,Male,Germany,53.4460678,10.1569956
897,Dukey,Futcher,dfutcherow@indiegogo.com,Male,Germany,48.7226206,9.1584836
898,Tamarah,Berth,tberthox@creativecommons.org,Female,Germany,53.5835808,10.020578
899,Libbie,Skeldinge,lskeldingeoy@arstechnica.com,Female,Germany,50.5487974,8.5763725
900,Tiffie,Huelin,thuelinoz@wix.com,Female,Germany,50.9648271,6.9538234
901,Doug,Juden,djudenp0@state.gov,Male,Germany,53.607925,10.0852568
902,Jacobo,Gee,jgeep1@skyrock.com,Male,Germany,48.0044582,7.8374651
903,Karmen,Coulman,kcoulmanp2@quantcast.com,Female,Germany,48.1288628,11.5089621
904,Cherrita,Hubback,chubbackp3@dropbox.com,Genderqueer,Germany,51.2804955,9.4266475
905,Lynsey,Abramchik,labramchikp4@gmpg.org,Female,Germany,51.4790619,11.9027428
906,Gallard,Hylden,ghyldenp5@ca.gov,Male,Germany,51.4780256,7.0328812
907,Elora,Humphris,ehumphrisp6@umn.edu,Female,Germany,51.3948213,6.6518329
908,Joella,Ferras,jferrasp7@hostgator.com,Female,Germany,53.0903178,8.9354031
909,Allyn,Rains,arainsp8@livejournal.com,Non-binary,Germany,48.7893977,9.1962771
910,Tod,Niezen,tniezenp9@cargocollective.com,Male,Germany,53.5900195,9.9897946
911,Tamera,Bertram,tbertrampa@hp.com,Non-binary,Germany,52.4867189,13.4343715
912,Roanne,Stannislawski,rstannislawskipb@goo.ne.jp,Genderqueer,Germany,50.9977219,11.0137723
913,Zacharie,Dunniom,zdunniompc@slideshare.net,Male,Germany,50.9173381,7.0902515
914,Leslie,Sleany,lsleanypd@ifeng.com,Female,Germany,49.8180135,9.9637931
915,Faustina,Po,fpope@people.com.cn,Female,Germany,48.3920947,10.8553557
916,Gus,Hambly,ghamblypf@si.edu,Male,Germany,48.3920947,10.8553557
917,Killian,De Metz,kdemetzpg@about.com,Male,Germany,53.5472987,9.9778279
918,Eddy,Womack,ewomackph@yelp.com,Female,Germany,51.1879547,6.8173593
919,Frieda,Paternoster,fpaternosterpi@sciencedaily.com,Female,Germany,48.8096645,9.2415192
920,Dorthy,Huerta,dhuertapj@mtv.com,Female,Germany,50.0897141,8.271907
921,Edyth,Dand,edandpk@vinaora.com,Female,Germany,52.4767935,13.2962036
922,Bel,Ezzell,bezzellpl@theguardian.com,Female,Germany,52.5693104,13.3714743
923,Gerianna,Geake,ggeakepm@home.pl,Female,Germany,48.7893977,9.1962771
924,Gan,De Roberto,gderobertopn@examiner.com,Male,Germany,53.132048,8.7398289
925,Frannie,Savery,fsaverypo@usgs.gov,Male,Germany,51.5491768,7.2092264
926,Ximenes,Cranfield,xcranfieldpp@bloglovin.com,Male,Germany,52.416925,13.6492904
927,Melantha,Bondy,mbondypq@washington.edu,Female,Germany,52.4767935,13.2962036
928,Shea,Ryland,srylandpr@paginegialle.it,Female,Germany,51.3305246,6.7625867
929,Benedicto,Schirok,bschirokps@narod.ru,Male,Germany,51.7941895,14.3056705
930,Alejoa,Blasik,ablasikpt@mozilla.com,Male,Germany,50.7218455,8.3073813
931,Bud,Matteau,bmatteaupu@webnode.com,Male,Germany,50.0022253,8.1937267
932,Isidor,Zorer,izorerpv@51.la,Male,Germany,50.0022253,8.1937267
933,Gerrie,Margarson,gmargarsonpw@narod.ru,Male,Germany,51.1879547,6.8173593
934,Marlena,Medina,mmedinapx@chicagotribune.com,Female,Germany,48.0044582,7.8374651
935,Tynan,Shipp,tshipppy@ted.com,Male,Germany,52.2415583,8.0495294
936,Devora,Murkin,dmurkinpz@angelfire.com,Female,Germany,52.2346447,10.5665003
937,Pooh,Sommerlie,psommerlieq0@berkeley.edu,Male,Germany,52.4555293,13.339803
938,Wiley,Chidler,wchidlerq1@apple.com,Bigender,Germany,51.5195303,7.5123813
939,Myrta,Fairrie,mfairrieq2@flickr.com,Female,Germany,48.1288628,11.5089621
940,Demetris,Alner,dalnerq3@archive.org,Male,Germany,51.3305246,6.7625867
941,Simmonds,Langlands,slanglandsq4@umich.edu,Male,Germany,52.5433958,13.4413606
942,Graehme,Baldi,gbaldiq5@smugmug.com,Male,Germany,51.1879547,6.8173593
943,Augusto,Lello,alelloq6@delicious.com,Male,Germany,50.9210958,6.8968829
944,Rochelle,Howen,rhowenq7@google.es,Agender,Germany,48.2115037,11.5131806
945,Donn,MacKeller,dmackellerq8@cnet.com,Male,Germany,48.1288628,11.5089621
946,Elisha,De Meyer,edemeyerq9@pinterest.com,Female,Germany,53.5835808,10.020578
947,Philis,Brunelli,pbrunelliqa@cafepress.com,Female,Germany,48.2115037,11.5131806
948,Percival,Kleinholz,pkleinholzqb@cbsnews.com,Male,Germany,50.7925769,6.1597163
949,Sallyanne,Kop,skopqc@google.co.jp,Female,Germany,52.4639426,13.3728893
950,Myer,Forton,mfortonqd@bluehost.com,Male,Germany,52.5890862,13.3032995
951,Enriqueta,Itzkovich,eitzkovichqe@123-reg.co.uk,Non-binary,Germany,52.4609077,13.4815474
952,Ave,McHaffy,amchaffyqf@youku.com,Male,Germany,52.415113,13.1468678
953,Jeanne,Fry,jfryqg@columbia.edu,Female,Germany,51.1974375,6.7898817
954,Claiborne,Stonary,cstonaryqh@360.cn,Male,Germany,48.1214727,11.5322563
955,Mireille,Cisneros,mcisnerosqi@ed.gov,Female,Germany,52.4856992,13.3488258
956,Helli,Farlambe,hfarlambeqj@nba.com,Female,Germany,53.5567847,8.5929499
957,Orin,Monckman,omonckmanqk@bloglines.com,Male,Germany,52.5593051,13.4761485
958,Adelaide,Mickleborough,amickleboroughql@last.fm,Female,Germany,52.1557661,11.5721966
959,Gallard,Sivior,gsiviorqm@hibu.com,Male,Germany,51.4923815,6.9694303
960,Brice,Hyder,bhyderqn@upenn.edu,Male,Germany,48.1251024,11.5584376
961,Calhoun,Peres,cperesqo@gizmodo.com,Male,Germany,52.1557661,11.5721966
962,Kermy,Bramwich,kbramwichqp@umich.edu,Male,Germany,48.9728482,8.4060268
963,Gleda,Sheward,gshewardqq@ycombinator.com,Female,Germany,51.4787653,12.0365785
964,Brande,Start,bstartqr@usatoday.com,Female,Germany,51.2804955,9.4266475
965,Free,O'Dee,fodeeqs@webnode.com,Male,Germany,54.3418823,10.1150681
966,Micaela,Maldin,mmaldinqt@angelfire.com,Female,Germany,50.5487974,8.5763725
967,Adam,Waywell,awaywellqu@google.es,Male,Germany,51.3303754,12.40504
968,Bartlett,Kernermann,bkernermannqv@cargocollective.com,Male,Germany,51.2034374,7.1301012
969,Roland,Benedtti,rbenedttiqw@arizona.edu,Male,Germany,51.256002,7.1736304
970,Georgine,Lowdes,glowdesqx@umich.edu,Female,Germany,48.2115037,11.5131806
971,Melinde,Maw,mmawqy@bandcamp.com,Female,Germany,49.4637092,8.560081
972,Jeth,Bauduin,jbauduinqz@yelp.com,Male,Germany,52.2346447,10.5665003
973,Sherwynd,Abbess,sabbessr0@gizmodo.com,Male,Germany,49.4904742,11.0986834
974,Sholom,Edlin,sedlinr1@is.gd,Male,Germany,52.5693104,13.3714743
975,Doris,Kitchin,dkitchinr2@google.co.uk,Female,Germany,48.1440135,11.6074275
976,Trixie,Dagnall,tdagnallr3@cpanel.net,Female,Germany,48.7226206,9.1584836
977,Rubetta,Sedger,rsedgerr4@reverbnation.com,Female,Germany,51.4758022,6.7112395
978,Wainwright,Pech,wpechr5@mapquest.com,Male,Germany,52.2415583,8.0495294
979,Finley,Rizzone,frizzoner6@spiegel.de,Male,Germany,52.3863062,9.7156831
980,Evvie,Fussell,efussellr7@bbc.co.uk,Female,Germany,51.2928924,12.4645518
981,Brendin,Allkins,ballkinsr8@pen.io,Male,Germany,53.5835808,10.020578
982,Tallie,Jellard,tjellardr9@mashable.com,Female,Germany,51.4964248,7.1215271
983,Kean,Handley,khandleyra@upenn.edu,Male,Germany,51.1974375,6.7898817
984,Derrik,Vallintine,dvallintinerb@uiuc.edu,Male,Germany,48.1288628,11.5089621
985,Oliy,Frarey,ofrareyrc@archive.org,Female,Germany,51.4964248,7.1215271
986,Cheston,Liffe,clifferd@theguardian.com,Male,Germany,53.0903178,8.9354031
987,Duncan,Digan,ddiganre@latimes.com,Male,Germany,47.9963155,7.8107621
988,Ardella,Corder,acorderrf@illinois.edu,Female,Germany,48.7893977,9.1962771
989,Dieter,Spraggon,dspraggonrg@walmart.com,Male,Germany,50.0897141,8.271907
990,Anthiathia,Fenton,afentonrh@mozilla.com,Female,Germany,53.5511779,9.9641759
991,Rowland,Meharg,rmehargri@microsoft.com,Male,Germany,51.2804955,9.4266475
992,Helge,Jillard,hjillardrj@timesonline.co.uk,Polygender,Germany,47.9963155,7.8107621
993,Tami,Mowsdale,tmowsdalerk@instagram.com,Female,Germany,53.5567847,8.5929499
994,Flora,McKearnen,fmckearnenrl@weibo.com,Female,Germany,48.1127929,11.5681872
995,Karilynn,Quinby,kquinbyrm@unc.edu,Female,Germany,50.9173381,7.0902515
996,Andras,Offill,aoffillrn@flavors.me,Male,Germany,48.1214727,11.5322563
997,Briant,Pedroli,bpedroliro@ask.com,Male,Germany,53.607925,10.0852568
998,Yetta,Barkaway,ybarkawayrp@hubpages.com,Female,Germany,50.7074591,7.1093481
999,Adelaide,Jahnig,ajahnigrq@youtu.be,Non-binary,Germany,48.3920947,10.8553557
1000,Evelyn,Davidesco,edavidescorr@odnoklassniki.ru,Male,Germany,53.5754959,10.0807485
